1999/01/04, 2.2229
1999/01/05, 2.2011
1999/01/06, 2.189
1999/01/07, 2.1531
1999/01/08, 2.1557
1999/01/11, 2.1257
1999/01/12, 2.121
1999/01/13, 2.1744
1999/01/14, 2.157
1999/01/15, 2.1582
1999/01/18, 2.1671
1999/01/19, 2.1614
1999/01/20, 2.1499
1999/01/21, 2.1489
1999/01/22, 2.1519
1999/01/25, 2.1659
1999/01/26, 2.1669
1999/01/27, 2.1594
1999/01/28, 2.1365
1999/01/29, 2.1107
1999/02/01, 2.0861
1999/02/02, 2.076
1999/02/03, 2.0566
1999/02/04, 2.0461
1999/02/05, 2.0431
1999/02/08, 2.0149
1999/02/09, 2.0411
1999/02/10, 2.0549
1999/02/11, 2.0481
1999/02/12, 2.055
1999/02/15, 2.0531
1999/02/16, 2.0854
1999/02/17, 2.092
1999/02/18, 2.0842
1999/02/19, 2.0562
1999/02/22, 2.0397
1999/02/23, 2.039
1999/02/24, 2.0768
1999/02/25, 2.0902
1999/02/26, 2.1071
1999/03/01, 2.0936
1999/03/02, 2.06
1999/03/03, 2.0567
1999/03/04, 2.067
1999/03/05, 2.0498
1999/03/08, 2.0413
1999/03/09, 2.0354
1999/03/10, 2.0461
1999/03/11, 2.0368
1999/03/12, 2.0522
1999/03/15, 2.0483
1999/03/16, 2.0613
1999/03/17, 2.0842
1999/03/18, 2.0721
1999/03/19, 2.0521
1999/03/22, 2.0381
1999/03/23, 2.0221
1999/03/24, 2.0301
1999/03/25, 2.0329
1999/03/26, 2.0138
1999/03/29, 2.0073
1999/03/30, 2.0107
1999/03/31, 2.0243
1999/04/01, 2.0108
1999/04/02, 2.0204
1999/04/05, 2.0148
1999/04/06, 2.0263
1999/04/07, 2.0341
1999/04/08, 2.0382
1999/04/09, 2.0212
1999/04/12, 2.0041
1999/04/13, 1.9875
1999/04/14, 1.9836
1999/04/15, 1.9963
1999/04/16, 1.9638
1999/04/19, 1.9338
1999/04/20, 1.9332
1999/04/21, 1.9358
1999/04/22, 1.9392
1999/04/23, 1.9305
1999/04/26, 1.9358
1999/04/27, 1.9423
1999/04/28, 1.9368
1999/04/29, 1.9063
1999/04/30, 1.8962
1999/05/03, 1.8916
1999/05/04, 1.8933
1999/05/05, 1.9171
1999/05/06, 1.9144
1999/05/07, 1.9233
1999/05/10, 1.9183
1999/05/11, 1.9125
1999/05/12, 1.9004
1999/05/13, 1.8992
1999/05/14, 1.9103
1999/05/17, 1.9175
1999/05/18, 1.9032
1999/05/19, 1.9268
1999/05/20, 1.9372
1999/05/21, 1.9285
1999/05/24, 1.9454
1999/05/25, 1.9494
1999/05/26, 1.9717
1999/05/27, 1.9543
1999/05/28, 1.9557
1999/05/31, 1.9531
1999/06/01, 1.9661
1999/06/02, 1.9689
1999/06/03, 1.98
1999/06/04, 1.9444
1999/06/07, 1.9209
1999/06/08, 1.9549
1999/06/09, 1.9568
1999/06/10, 1.9572
1999/06/11, 1.9419
1999/06/14, 1.9457
1999/06/15, 1.9427
1999/06/16, 1.9501
1999/06/17, 1.9309
1999/06/18, 1.9515
1999/06/21, 1.9515
1999/06/22, 1.9519
1999/06/23, 1.9328
1999/06/24, 1.9246
1999/06/25, 1.9471
1999/06/28, 1.9428
1999/06/29, 1.9503
1999/06/30, 1.9404
1999/07/01, 1.9164
1999/07/02, 1.9242
1999/07/05, 1.9327
1999/07/06, 1.9244
1999/07/07, 1.9496
1999/07/08, 1.9465
1999/07/09, 1.9327
1999/07/12, 1.9306
1999/07/13, 1.946
1999/07/14, 1.946
1999/07/15, 1.9514
1999/07/16, 1.947
1999/07/19, 1.94
1999/07/20, 1.9891
1999/07/21, 2.0023
1999/07/22, 1.9818
1999/07/23, 1.978
1999/07/26, 2.0244
1999/07/27, 2.0292
1999/07/28, 2.0279
1999/07/29, 2.0242
1999/07/30, 2.0168
1999/08/02, 2.0252
1999/08/03, 2.0145
1999/08/04, 2.005
1999/08/05, 2.025
1999/08/06, 2.0304
1999/08/09, 2.0303
1999/08/10, 2.0294
1999/08/11, 2.0185
1999/08/12, 2.0093
1999/08/13, 2.012
1999/08/16, 1.9881
1999/08/17, 2.0044
1999/08/18, 1.9977
1999/08/19, 1.9828
1999/08/20, 2.0096
1999/08/23, 1.9934
1999/08/24, 1.9951
1999/08/25, 2.0246
1999/08/26, 2.0299
1999/08/27, 2.0341
1999/08/30, 2.0358
1999/08/31, 2.0439
1999/09/01, 2.0636
1999/09/02, 2.0484
1999/09/03, 2.0612
1999/09/06, 2.0498
1999/09/07, 2.0137
1999/09/08, 2.0104
1999/09/09, 2.0066
1999/09/10, 1.9745
1999/09/13, 1.938
1999/09/14, 1.9538
1999/09/15, 1.9808
1999/09/16, 1.979
1999/09/17, 1.9757
1999/09/20, 1.9929
1999/09/21, 1.9783
1999/09/22, 1.9975
1999/09/23, 1.9966
1999/09/24, 2.0253
1999/09/27, 2.0106
1999/09/28, 2.0427
1999/09/29, 2.0483
1999/09/30, 2.0649
1999/10/01, 2.0688
1999/10/04, 2.0572
1999/10/05, 2.0405
1999/10/06, 2.0569
1999/10/07, 2.0535
1999/10/08, 2.0669
1999/10/11, 2.0625
1999/10/12, 2.0623
1999/10/13, 2.0819
1999/10/14, 2.1154
1999/10/15, 2.1277
1999/10/18, 2.139
1999/10/19, 2.1247
1999/10/20, 2.0947
1999/10/21, 2.0952
1999/10/22, 2.0902
1999/10/25, 2.0772
1999/10/26, 2.0581
1999/10/27, 2.0725
1999/10/28, 2.0714
1999/10/29, 2.0589
1999/11/01, 2.0775
1999/11/02, 2.0628
1999/11/03, 2.0464
1999/11/04, 2.0572
1999/11/05, 2.0306
1999/11/08, 2.0372
1999/11/09, 2.0467
1999/11/10, 2.031
1999/11/11, 2.0279
1999/11/12, 2.0004
1999/11/15, 1.9769
1999/11/16, 1.9927
1999/11/17, 2.0161
1999/11/18, 2.0242
1999/11/19, 2.0216
1999/11/22, 2.0205
1999/11/23, 2.0125
1999/11/24, 2.0012
1999/11/25, 1.9872
1999/11/26, 1.978
1999/11/29, 1.9664
1999/11/30, 1.9759
1999/12/01, 1.9744
1999/12/02, 1.9698
1999/12/03, 1.9865
1999/12/06, 2.0162
1999/12/07, 2.0152
1999/12/08, 2.0122
1999/12/09, 2.0026
1999/12/10, 2.0376
1999/12/13, 2.0552
1999/12/14, 2.0234
1999/12/15, 2.031
1999/12/16, 2.0207
1999/12/17, 1.9949
1999/12/20, 1.9968
1999/12/21, 1.9565
1999/12/22, 1.9527
1999/12/23, 1.9573
1999/12/24, 1.9676
1999/12/27, 1.9641
1999/12/28, 1.9573
1999/12/29, 1.9321
1999/12/30, 1.9357
2000/01/03, 1.9331
2000/01/04, 1.9745
2000/01/05, 1.9956
2000/01/06, 2.0064
2000/01/07, 1.9942
2000/01/10, 1.9783
2000/01/11, 1.9866
2000/01/12, 1.9882
2000/01/13, 1.9645
2000/01/14, 1.9595
2000/01/17, 1.947
2000/01/18, 1.9545
2000/01/19, 1.9563
2000/01/20, 1.957
2000/01/21, 1.9623
2000/01/24, 1.9775
2000/01/25, 1.9612
2000/01/26, 1.9708
2000/01/27, 1.9599
2000/01/28, 1.992
2000/01/31, 1.9848
2000/02/01, 1.97
2000/02/02, 1.9879
2000/02/03, 1.9798
2000/02/04, 1.9988
2000/02/07, 1.9741
2000/02/08, 2.0073
2000/02/09, 2.0044
2000/02/10, 2.001
2000/02/11, 1.9905
2000/02/14, 2.0151
2000/02/15, 2.0111
2000/02/16, 1.9994
2000/02/17, 2.0152
2000/02/18, 2.002
2000/02/21, 2.0135
2000/02/22, 2.0409
2000/02/23, 2.0767
2000/02/24, 2.0368
2000/02/25, 2.0076
2000/02/28, 1.9889
2000/02/29, 1.9986
2000/03/01, 1.9975
2000/03/02, 1.9853
2000/03/03, 1.9787
2000/03/06, 1.9797
2000/03/07, 1.9841
2000/03/08, 1.9618
2000/03/09, 1.9593
2000/03/10, 1.9422
2000/03/13, 1.9756
2000/03/14, 1.9589
2000/03/15, 1.9789
2000/03/16, 1.974
2000/03/17, 1.9922
2000/03/20, 2.0124
2000/03/21, 1.9891
2000/03/22, 1.97
2000/03/23, 1.9811
2000/03/24, 1.9921
2000/03/27, 1.9547
2000/03/28, 1.919
2000/03/29, 1.9175
2000/03/30, 1.9141
2000/03/31, 1.9328
2000/04/03, 1.9189
2000/04/04, 1.9107
2000/04/05, 1.9321
2000/04/06, 1.9208
2000/04/07, 1.9288
2000/04/10, 1.928
2000/04/11, 1.9236
2000/04/12, 1.9231
2000/04/13, 1.9109
2000/04/14, 1.9201
2000/04/17, 1.9297
2000/04/18, 1.9203
2000/04/19, 1.899
2000/04/20, 1.8907
2000/04/25, 1.8743
2000/04/26, 1.8871
2000/04/27, 1.8827
2000/04/28, 1.8733
2000/05/02, 1.8744
2000/05/03, 1.8212
2000/05/04, 1.8252
2000/05/05, 1.8318
2000/05/08, 1.8427
2000/05/09, 1.8845
2000/05/10, 1.894
2000/05/11, 1.9164
2000/05/12, 1.8927
2000/05/15, 1.9281
2000/05/16, 1.923
2000/05/17, 1.9358
2000/05/18, 2.002
2000/05/19, 1.9596
2000/05/22, 1.977
2000/05/23, 1.9798
2000/05/24, 2.0097
2000/05/25, 1.9845
2000/05/26, 2.0134
2000/05/29, 2.021
2000/05/30, 2.035
2000/05/31, 2.0295
2000/06/01, 2.0358
2000/06/02, 2.0375
2000/06/05, 2.0068
2000/06/06, 2.023
2000/06/07, 2.0233
2000/06/08, 2.045
2000/06/09, 2.0271
2000/06/12, 2.0244
2000/06/13, 2.0255
2000/06/14, 2.0288
2000/06/15, 2.031
2000/06/16, 2.001
2000/06/19, 2.0346
2000/06/20, 2.0053
2000/06/21, 1.9958
2000/06/22, 1.9855
2000/06/23, 2.0012
2000/06/26, 1.9892
2000/06/27, 1.9968
2000/06/28, 2.0062
2000/06/29, 2.028
2000/06/30, 2.031
2000/07/03, 2.0267
2000/07/04, 2.0431
2000/07/05, 2.0589
2000/07/06, 2.0685
2000/07/07, 2.0685
2000/07/10, 2.0581
2000/07/11, 2.074
2000/07/12, 2.0603
2000/07/13, 2.0225
2000/07/14, 2.0333
2000/07/17, 2.0311
2000/07/18, 2.041
2000/07/19, 2.0239
2000/07/20, 2.0124
2000/07/21, 2.0138
2000/07/24, 2.0195
2000/07/25, 2.0375
2000/07/26, 2.0353
2000/07/27, 2.0387
2000/07/28, 2.0225
2000/07/31, 2.0386
2000/08/01, 2.0356
2000/08/02, 2.0177
2000/08/03, 1.9949
2000/08/04, 1.9914
2000/08/07, 1.9992
2000/08/08, 1.991
2000/08/09, 1.9855
2000/08/10, 2.0027
2000/08/11, 2.0188
2000/08/14, 2.014
2000/08/15, 2.0294
2000/08/16, 2.0216
2000/08/17, 2.0264
2000/08/18, 2.0253
2000/08/21, 2.001
2000/08/22, 2.0092
2000/08/23, 2.0715
2000/08/24, 2.0729
2000/08/25, 2.0742
2000/08/28, 2.0644
2000/08/29, 2.085
2000/08/30, 2.0898
2000/08/31, 2.0801
2000/09/01, 2.098
2000/09/04, 2.0947
2000/09/05, 2.0798
2000/09/06, 2.0685
2000/09/07, 2.0956
2000/09/08, 2.0751
2000/09/11, 2.0365
2000/09/12, 2.007
2000/09/13, 2.0524
2000/09/14, 2.075
2000/09/15, 2.0545
2000/09/18, 2.0612
2000/09/19, 2.0653
2000/09/20, 2.064
2000/09/21, 2.1152
2000/09/22, 2.1383
2000/09/25, 2.1299
2000/09/26, 2.1285
2000/09/27, 2.1406
2000/09/28, 2.1205
2000/09/29, 2.151
2000/10/02, 2.1704
2000/10/03, 2.1765
2000/10/04, 2.1685
2000/10/05, 2.1745
2000/10/06, 2.1621
2000/10/09, 2.1578
2000/10/10, 2.1605
2000/10/11, 2.143
2000/10/12, 2.1699
2000/10/13, 2.157
2000/10/16, 2.1463
2000/10/17, 2.1585
2000/10/18, 2.1545
2000/10/19, 2.1455
2000/10/20, 2.0923
2000/10/23, 2.0851
2000/10/24, 2.0775
2000/10/25, 2.0805
2000/10/26, 2.0682
2000/10/27, 2.0835
2000/10/30, 2.0943
2000/10/31, 2.1355
2000/11/01, 2.1484
2000/11/02, 2.1605
2000/11/03, 2.175
2000/11/06, 2.163
2000/11/07, 2.162
2000/11/08, 2.1467
2000/11/09, 2.1462
2000/11/10, 2.1764
2000/11/13, 2.1842
2000/11/14, 2.16
2000/11/15, 2.1579
2000/11/16, 2.1508
2000/11/17, 2.1303
2000/11/20, 2.144
2000/11/21, 2.1541
2000/11/22, 2.1152
2000/11/23, 2.1139
2000/11/24, 2.1043
2000/11/27, 2.105
2000/11/28, 2.0924
2000/11/29, 2.1341
2000/11/30, 2.1387
2000/12/01, 2.1053
2000/12/04, 2.1035
2000/12/05, 2.0902
2000/12/06, 2.0742
2000/12/07, 2.0843
2000/12/08, 2.0827
2000/12/11, 2.0794
2000/12/12, 2.0705
2000/12/13, 2.0774
2000/12/14, 2.091
2000/12/15, 2.0956
2000/12/18, 2.095
2000/12/19, 2.0792
2000/12/20, 2.0815
2000/12/21, 2.083
2000/12/22, 2.1036
2000/12/27, 2.1083
2000/12/28, 2.1035
2000/12/29, 2.112
2001/01/02, 2.1365
2001/01/03, 2.1272
2001/01/04, 2.126
2001/01/05, 2.1139
2001/01/08, 2.1087
2001/01/09, 2.1139
2001/01/10, 2.0997
2001/01/11, 2.1154
2001/01/12, 2.1152
2001/01/15, 2.1234
2001/01/16, 2.1108
2001/01/17, 2.098
2001/01/18, 2.1052
2001/01/19, 2.0964
2001/01/22, 2.0827
2001/01/23, 2.1009
2001/01/24, 2.0925
2001/01/25, 2.1081
2001/01/26, 2.1211
2001/01/29, 2.111
2001/01/30, 2.1096
2001/01/31, 2.1113
2001/02/01, 2.1037
2001/02/02, 2.0895
2001/02/05, 2.1321
2001/02/06, 2.1105
2001/02/07, 2.1062
2001/02/08, 2.101
2001/02/09, 2.108
2001/02/12, 2.1276
2001/02/13, 2.1256
2001/02/14, 2.1277
2001/02/15, 2.1398
2001/02/16, 2.126
2001/02/19, 2.1355
2001/02/20, 2.1241
2001/02/21, 2.1327
2001/02/22, 2.1196
2001/02/23, 2.1095
2001/02/26, 2.0955
2001/02/27, 2.1125
2001/02/28, 2.1415
2001/03/01, 2.1429
2001/03/02, 2.1453
2001/03/05, 2.1537
2001/03/06, 2.1645
2001/03/07, 2.1917
2001/03/08, 2.2165
2001/03/09, 2.2054
2001/03/12, 2.2137
2001/03/13, 2.2103
2001/03/14, 2.2048
2001/03/15, 2.2044
2001/03/16, 2.1782
2001/03/19, 2.1378
2001/03/20, 2.1657
2001/03/21, 2.159
2001/03/22, 2.1549
2001/03/23, 2.1512
2001/03/26, 2.1827
2001/03/27, 2.1683
2001/03/28, 2.1583
2001/03/29, 2.1511
2001/03/30, 2.1962
2001/04/02, 2.201
2001/04/03, 2.2099
2001/04/04, 2.2312
2001/04/05, 2.2269
2001/04/06, 2.2175
2001/04/09, 2.2302
2001/04/10, 2.229
2001/04/11, 2.1856
2001/04/12, 2.1785
2001/04/17, 2.1725
2001/04/18, 2.1805
2001/04/19, 2.176
2001/04/20, 2.1885
2001/04/23, 2.198
2001/04/24, 2.2044
2001/04/25, 2.1863
2001/04/26, 2.1903
2001/04/27, 2.1828
2001/04/30, 2.1637
2001/05/02, 2.1109
2001/05/03, 2.1117
2001/05/04, 2.1145
2001/05/07, 2.1158
2001/05/08, 2.1002
2001/05/09, 2.087
2001/05/10, 2.087
2001/05/11, 2.0625
2001/05/14, 2.0898
2001/05/15, 2.1021
2001/05/16, 2.1062
2001/05/17, 2.0712
2001/05/18, 2.0594
2001/05/21, 2.0508
2001/05/22, 2.0457
2001/05/23, 2.0322
2001/05/24, 2.0527
2001/05/25, 2.0303
2001/05/28, 2.023
2001/05/29, 2.0285
2001/05/30, 2.0467
2001/05/31, 2.0628
2001/06/01, 2.06
2001/06/04, 2.0645
2001/06/05, 2.059
2001/06/06, 2.0581
2001/06/07, 2.051
2001/06/08, 2.0266
2001/06/11, 2.0236
2001/06/12, 2.0236
2001/06/13, 2.0316
2001/06/14, 2.0468
2001/06/15, 2.07
2001/06/18, 2.0735
2001/06/19, 2.067
2001/06/20, 2.062
2001/06/21, 2.073
2001/06/22, 2.0635
2001/06/25, 2.085
2001/06/26, 2.0645
2001/06/27, 2.0632
2001/06/28, 2.0665
2001/06/29, 2.1045
2001/07/02, 2.0843
2001/07/03, 2.078
2001/07/04, 2.0789
2001/07/05, 2.0821
2001/07/06, 2.0861
2001/07/09, 2.0946
2001/07/10, 2.098
2001/07/11, 2.1105
2001/07/12, 2.1126
2001/07/13, 2.099
2001/07/16, 2.1055
2001/07/17, 2.0996
2001/07/18, 2.1118
2001/07/19, 2.1062
2001/07/20, 2.1239
2001/07/23, 2.118
2001/07/24, 2.1224
2001/07/25, 2.1379
2001/07/26, 2.1236
2001/07/27, 2.1328
2001/07/30, 2.1269
2001/07/31, 2.1304
2001/08/01, 2.131
2001/08/02, 2.1005
2001/08/03, 2.111
2001/08/06, 2.106
2001/08/07, 2.0976
2001/08/08, 2.0822
2001/08/09, 2.0836
2001/08/10, 2.1009
2001/08/13, 2.0982
2001/08/14, 2.102
2001/08/15, 2.0975
2001/08/16, 2.0948
2001/08/17, 2.087
2001/08/20, 2.0864
2001/08/21, 2.0874
2001/08/22, 2.074
2001/08/23, 2.0715
2001/08/24, 2.0806
2001/08/27, 2.0761
2001/08/28, 2.0746
2001/08/29, 2.0685
2001/08/30, 2.0701
2001/08/31, 2.0775
2001/09/03, 2.076
2001/09/04, 2.069
2001/09/05, 2.0617
2001/09/06, 2.0483
2001/09/07, 2.0679
2001/09/10, 2.1025
2001/09/11, 2.1018
2001/09/12, 2.1212
2001/09/13, 2.134
2001/09/14, 2.1862
2001/09/17, 2.2537
2001/09/18, 2.2565
2001/09/19, 2.2582
2001/09/20, 2.2505
2001/09/21, 2.2825
2001/09/24, 2.2551
2001/09/25, 2.2503
2001/09/26, 2.254
2001/09/27, 2.2925
2001/09/28, 2.2395
2001/10/01, 2.2462
2001/10/02, 2.2678
2001/10/03, 2.2594
2001/10/04, 2.2294
2001/10/05, 2.2022
2001/10/08, 2.2144
2001/10/09, 2.2187
2001/10/10, 2.2041
2001/10/11, 2.1968
2001/10/12, 2.1849
2001/10/15, 2.1603
2001/10/16, 2.1576
2001/10/17, 2.1504
2001/10/18, 2.1645
2001/10/19, 2.1665
2001/10/22, 2.1547
2001/10/23, 2.1322
2001/10/24, 2.13
2001/10/25, 2.1417
2001/10/26, 2.1605
2001/10/29, 2.1717
2001/10/30, 2.1768
2001/10/31, 2.193
2001/11/01, 2.1823
2001/11/02, 2.1861
2001/11/05, 2.1595
2001/11/06, 2.1345
2001/11/07, 2.147
2001/11/08, 2.141
2001/11/09, 2.1321
2001/11/12, 2.1118
2001/11/13, 2.0935
2001/11/14, 2.0815
2001/11/15, 2.1035
2001/11/16, 2.1145
2001/11/19, 2.115
2001/11/20, 2.1255
2001/11/21, 2.1337
2001/11/22, 2.1436
2001/11/23, 2.1415
2001/11/26, 2.1333
2001/11/27, 2.1148
2001/11/28, 2.1335
2001/11/29, 2.1474
2001/11/30, 2.1338
2001/12/03, 2.1533
2001/12/04, 2.1523
2001/12/05, 2.1551
2001/12/06, 2.136
2001/12/07, 2.1422
2001/12/10, 2.1338
2001/12/11, 2.1375
2001/12/12, 2.1242
2001/12/13, 2.1392
2001/12/14, 2.1582
2001/12/17, 2.163
2001/12/18, 2.1588
2001/12/19, 2.1565
2001/12/20, 2.1751
2001/12/21, 2.1621
2001/12/24, 2.1177
2001/12/27, 2.134
2001/12/28, 2.1215
2002/01/02, 2.1469
2002/01/03, 2.1279
2002/01/04, 2.0916
2002/01/07, 2.0838
2002/01/08, 2.0774
2002/01/09, 2.0812
2002/01/10, 2.074
2002/01/11, 2.103
2002/01/14, 2.1077
2002/01/15, 2.1105
2002/01/16, 2.101
2002/01/17, 2.0945
2002/01/18, 2.0847
2002/01/21, 2.0686
2002/01/22, 2.0587
2002/01/23, 2.0655
2002/01/24, 2.0626
2002/01/25, 2.0436
2002/01/28, 2.0368
2002/01/29, 2.041
2002/01/30, 2.0832
2002/01/31, 2.072
2002/02/01, 2.068
2002/02/04, 2.0645
2002/02/05, 2.077
2002/02/06, 2.08
2002/02/07, 2.0865
2002/02/08, 2.092
2002/02/11, 2.0871
2002/02/12, 2.0943
2002/02/13, 2.09
2002/02/14, 2.0671
2002/02/15, 2.066
2002/02/18, 2.0625
2002/02/19, 2.068
2002/02/20, 2.0795
2002/02/21, 2.081
2002/02/22, 2.0859
2002/02/25, 2.0915
2002/02/26, 2.077
2002/02/27, 2.0673
2002/02/28, 2.0576
2002/03/01, 2.0575
2002/03/04, 2.0315
2002/03/05, 2.0426
2002/03/06, 2.046
2002/03/07, 2.036
2002/03/08, 2.0464
2002/03/11, 2.0473
2002/03/12, 2.045
2002/03/13, 2.039
2002/03/14, 2.0508
2002/03/15, 2.037
2002/03/18, 2.0214
2002/03/19, 2.033
2002/03/20, 2.0041
2002/03/21, 2.002
2002/03/22, 1.9989
2002/03/25, 1.9941
2002/03/26, 1.9999
2002/03/27, 2.0068
2002/03/28, 1.9825
2002/04/02, 1.9892
2002/04/03, 2.0082
2002/04/04, 1.9976
2002/04/05, 1.9998
2002/04/08, 2.0223
2002/04/09, 2.0099
2002/04/10, 2.0098
2002/04/11, 1.9925
2002/04/12, 1.9904
2002/04/15, 1.9966
2002/04/16, 2.0066
2002/04/17, 1.9966
2002/04/18, 1.9998
2002/04/19, 1.9857
2002/04/22, 1.9886
2002/04/23, 1.99
2002/04/24, 1.9915
2002/04/25, 1.989
2002/04/26, 1.9965
2002/04/29, 2.0122
2002/04/30, 2.0163
2002/05/02, 2.0213
2002/05/03, 2.0284
2002/05/06, 2.0429
2002/05/07, 2.0366
2002/05/08, 2.0162
2002/05/09, 2.0129
2002/05/10, 2.016
2002/05/13, 2.002
2002/05/14, 1.9895
2002/05/15, 1.9777
2002/05/16, 1.982
2002/05/17, 1.9767
2002/05/20, 1.9764
2002/05/21, 1.973
2002/05/22, 1.9605
2002/05/23, 1.9635
2002/05/24, 1.963
2002/05/27, 1.9419
2002/05/28, 1.9449
2002/05/29, 1.9541
2002/05/30, 1.9658
2002/05/31, 1.9441
2002/06/03, 1.9302
2002/06/04, 1.9158
2002/06/05, 1.9193
2002/06/06, 1.9166
2002/06/07, 1.9268
2002/06/10, 1.9365
2002/06/11, 1.9355
2002/06/12, 1.9255
2002/06/13, 1.9246
2002/06/14, 1.9443
2002/06/17, 1.9542
2002/06/18, 1.9439
2002/06/19, 1.9602
2002/06/20, 1.959
2002/06/21, 1.9486
2002/06/24, 1.9605
2002/06/25, 1.9867
2002/06/26, 1.996
2002/06/27, 2.0096
2002/06/28, 2.0397
2002/07/01, 2.04
2002/07/02, 2.0218
2002/07/03, 2.008
2002/07/04, 2.0152
2002/07/05, 2.0053
2002/07/08, 2.0059
2002/07/09, 2.0185
2002/07/10, 2.0114
2002/07/11, 2.047
2002/07/12, 2.042
2002/07/15, 2.0518
2002/07/16, 2.0805
2002/07/17, 2.085
2002/07/18, 2.09
2002/07/19, 2.0926
2002/07/22, 2.082
2002/07/23, 2.0763
2002/07/24, 2.1401
2002/07/25, 2.1451
2002/07/26, 2.1555
2002/07/29, 2.107
2002/07/30, 2.0863
2002/07/31, 2.0788
2002/08/01, 2.1074
2002/08/02, 2.1216
2002/08/05, 2.1295
2002/08/06, 2.1505
2002/08/07, 2.1415
2002/08/08, 2.1292
2002/08/09, 2.1256
2002/08/12, 2.1108
2002/08/13, 2.1243
2002/08/14, 2.133
2002/08/15, 2.105
2002/08/16, 2.1138
2002/08/19, 2.099
2002/08/20, 2.0876
2002/08/21, 2.0845
2002/08/22, 2.1054
2002/08/23, 2.074
2002/08/26, 2.0757
2002/08/27, 2.0727
2002/08/28, 2.082
2002/08/29, 2.098
2002/08/30, 2.097
2002/09/02, 2.0891
2002/09/03, 2.1055
2002/09/04, 2.1339
2002/09/05, 2.1375
2002/09/06, 2.1165
2002/09/09, 2.0902
2002/09/10, 2.0715
2002/09/11, 2.076
2002/09/12, 2.0539
2002/09/13, 2.0635
2002/09/16, 2.0601
2002/09/17, 2.06
2002/09/18, 2.0663
2002/09/19, 2.064
2002/09/20, 2.0772
2002/09/23, 2.0862
2002/09/24, 2.0905
2002/09/25, 2.0737
2002/09/26, 2.0941
2002/09/27, 2.0747
2002/09/30, 2.0936
2002/10/01, 2.0996
2002/10/02, 2.0732
2002/10/03, 2.0788
2002/10/04, 2.0653
2002/10/07, 2.0268
2002/10/08, 2.0321
2002/10/09, 2.0461
2002/10/10, 2.0571
2002/10/11, 2.0515
2002/10/14, 2.0616
2002/10/15, 2.0465
2002/10/16, 2.0485
2002/10/17, 2.0274
2002/10/18, 2.0218
2002/10/21, 2.0198
2002/10/22, 2.0205
2002/10/23, 2.015
2002/10/24, 2.0002
2002/10/25, 2.0055
2002/10/28, 1.9961
2002/10/29, 2.0125
2002/10/30, 2.031
2002/10/31, 2.0405
2002/11/01, 2.0365
2002/11/04, 2.0095
2002/11/05, 2.0151
2002/11/06, 2.0099
2002/11/07, 2.0121
2002/11/08, 2.0299
2002/11/11, 2.05
2002/11/12, 2.041
2002/11/13, 2.0341
2002/11/14, 2.0205
2002/11/15, 2.0072
2002/11/18, 2.0241
2002/11/19, 2.0325
2002/11/20, 2.0224
2002/11/21, 1.9932
2002/11/22, 1.9915
2002/11/25, 1.9856
2002/11/26, 1.9886
2002/11/27, 2.0123
2002/11/28, 2.0097
2002/11/29, 1.999
2002/12/02, 1.9752
2002/12/03, 1.9974
2002/12/04, 2.0012
2002/12/05, 1.993
2002/12/06, 1.9976
2002/12/09, 2.0052
2002/12/10, 2.0008
2002/12/11, 2.004
2002/12/12, 1.9965
2002/12/13, 1.9946
2002/12/16, 1.991
2002/12/17, 1.9867
2002/12/18, 1.987
2002/12/19, 1.9903
2002/12/20, 1.987
2002/12/23, 1.9934
2002/12/24, 1.994
2002/12/27, 2.001
2002/12/30, 2.001
2002/12/31, 1.9975
2003/01/02, 1.9942
2003/01/03, 1.982
2003/01/06, 1.9735
2003/01/07, 1.963
2003/01/08, 1.9617
2003/01/09, 1.9685
2003/01/10, 1.9611
2003/01/13, 1.9606
2003/01/14, 1.961
2003/01/15, 1.962
2003/01/16, 1.946
2003/01/17, 1.9317
2003/01/20, 1.9364
2003/01/21, 1.9463
2003/01/22, 1.969
2003/01/23, 1.961
2003/01/24, 1.9655
2003/01/27, 1.978
2003/01/28, 1.9795
2003/01/29, 1.9775
2003/01/30, 1.9655
2003/01/31, 1.982
2003/02/03, 1.979
2003/02/04, 1.9736
2003/02/05, 1.9815
2003/02/06, 1.9741
2003/02/07, 1.97
2003/02/10, 1.958
2003/02/11, 1.9525
2003/02/12, 1.945
2003/02/13, 1.9565
2003/02/14, 1.9549
2003/02/17, 1.9505
2003/02/18, 1.9454
2003/02/19, 1.94
2003/02/20, 1.9407
2003/02/21, 1.9345
2003/02/24, 1.9012
2003/02/25, 1.9037
2003/02/26, 1.9084
2003/02/27, 1.9132
2003/02/28, 1.9314
2003/03/03, 1.93
2003/03/04, 1.9417
2003/03/05, 1.9455
2003/03/06, 1.941
2003/03/07, 1.9498
2003/03/10, 1.9642
2003/03/11, 1.986
2003/03/12, 2.0056
2003/03/13, 1.9884
2003/03/14, 1.965
2003/03/17, 1.9528
2003/03/18, 1.9438
2003/03/19, 1.9212
2003/03/20, 1.9152
2003/03/21, 1.919
2003/03/24, 1.9296
2003/03/25, 1.9312
2003/03/26, 1.941
2003/03/27, 1.951
2003/03/28, 1.9495
2003/03/31, 1.9721
2003/04/01, 1.9693
2003/04/02, 1.9685
2003/04/03, 1.9585
2003/04/04, 1.9705
2003/04/07, 1.979
2003/04/08, 1.9606
2003/04/09, 1.9667
2003/04/10, 1.9739
2003/04/11, 1.9712
2003/04/14, 1.9705
2003/04/15, 1.9706
2003/04/16, 1.9445
2003/04/17, 1.9671
2003/04/22, 1.9565
2003/04/23, 1.9608
2003/04/24, 1.9877
2003/04/25, 1.9821
2003/04/28, 1.9776
2003/04/29, 1.9735
2003/04/30, 1.99
2003/05/02, 1.9991
2003/05/05, 1.989
2003/05/06, 1.9977
2003/05/07, 1.9958
2003/05/08, 1.9953
2003/05/09, 1.9915
2003/05/12, 1.9966
2003/05/13, 1.9991
2003/05/14, 2.002
2003/05/15, 1.997
2003/05/16, 1.9879
2003/05/19, 1.9964
2003/05/20, 1.9949
2003/05/21, 2.0004
2003/05/22, 2.0148
2003/05/23, 2.0178
2003/05/26, 2.0242
2003/05/27, 2.0333
2003/05/28, 2.037
2003/05/29, 2.0548
2003/05/30, 2.0499
2003/06/02, 2.0275
2003/06/03, 2.0223
2003/06/04, 2.0073
2003/06/05, 2.0387
2003/06/06, 2.0453
2003/06/09, 2.0343
2003/06/10, 2.0336
2003/06/11, 2.0336
2003/06/12, 2.03
2003/06/13, 2.0314
2003/06/16, 2.0323
2003/06/17, 2.0206
2003/06/18, 2.0026
2003/06/19, 1.9967
2003/06/20, 1.9909
2003/06/23, 1.9708
2003/06/24, 1.9726
2003/06/25, 1.9707
2003/06/26, 1.9619
2003/06/27, 1.9648
2003/06/30, 1.9569
2003/07/01, 1.9424
2003/07/02, 1.9459
2003/07/03, 1.9295
2003/07/04, 1.9252
2003/07/07, 1.8982
2003/07/08, 1.9094
2003/07/09, 1.9235
2003/07/10, 1.9417
2003/07/11, 1.9189
2003/07/14, 1.9142
2003/07/15, 1.927
2003/07/16, 1.9224
2003/07/17, 1.9206
2003/07/18, 1.9488
2003/07/21, 1.9697
2003/07/22, 1.9663
2003/07/23, 1.9715
2003/07/24, 1.9559
2003/07/25, 1.9569
2003/07/28, 1.9522
2003/07/29, 1.944
2003/07/30, 1.9526
2003/07/31, 1.9521
2003/08/01, 1.9298
2003/08/04, 1.9339
2003/08/05, 1.9566
2003/08/06, 1.9646
2003/08/07, 1.9643
2003/08/08, 1.945
2003/08/11, 1.9284
2003/08/12, 1.9265
2003/08/13, 1.9253
2003/08/14, 1.9185
2003/08/15, 1.9102
2003/08/18, 1.8981
2003/08/19, 1.8956
2003/08/20, 1.8908
2003/08/21, 1.8697
2003/08/22, 1.8737
2003/08/25, 1.8629
2003/08/26, 1.8829
2003/08/27, 1.9089
2003/08/28, 1.8997
2003/08/29, 1.9016
2003/09/01, 1.9016
2003/09/02, 1.9014
2003/09/03, 1.9079
2003/09/04, 1.9057
2003/09/05, 1.9122
2003/09/08, 1.9212
2003/09/09, 1.92
2003/09/10, 1.9182
2003/09/11, 1.9284
2003/09/12, 1.9249
2003/09/15, 1.9282
2003/09/16, 1.9175
2003/09/17, 1.9182
2003/09/18, 1.9341
2003/09/19, 1.9218
2003/09/22, 1.9195
2003/09/23, 1.9273
2003/09/24, 1.9246
2003/09/25, 1.9209
2003/09/26, 1.9493
2003/09/29, 1.9427
2003/09/30, 1.9538
2003/10/01, 1.958
2003/10/02, 1.9577
2003/10/03, 1.9577
2003/10/06, 1.9477
2003/10/07, 1.9693
2003/10/08, 1.9705
2003/10/09, 1.9598
2003/10/10, 1.9654
2003/10/13, 1.9541
2003/10/14, 1.9588
2003/10/15, 1.9652
2003/10/16, 1.9519
2003/10/17, 1.9453
2003/10/20, 1.9526
2003/10/21, 1.9449
2003/10/22, 1.9371
2003/10/23, 1.9397
2003/10/24, 1.9369
2003/10/27, 1.9272
2003/10/28, 1.9092
2003/10/29, 1.9048
2003/10/30, 1.9096
2003/10/31, 1.9022
2003/11/03, 1.892
2003/11/04, 1.8785
2003/11/05, 1.8593
2003/11/06, 1.8563
2003/11/07, 1.8588
2003/11/10, 1.8522
2003/11/11, 1.8381
2003/11/12, 1.8522
2003/11/13, 1.8574
2003/11/14, 1.8644
2003/11/17, 1.8733
2003/11/18, 1.8652
2003/11/19, 1.8754
2003/11/20, 1.8516
2003/11/21, 1.8519
2003/11/24, 1.8496
2003/11/25, 1.8492
2003/11/26, 1.8541
2003/11/27, 1.8638
2003/11/28, 1.8718
2003/12/01, 1.8701
2003/12/02, 1.8606
2003/12/03, 1.8624
2003/12/04, 1.8684
2003/12/05, 1.8772
2003/12/08, 1.886
2003/12/09, 1.8909
2003/12/10, 1.8862
2003/12/11, 1.887
2003/12/12, 1.8894
2003/12/15, 1.8914
2003/12/16, 1.8934
2003/12/17, 1.9041
2003/12/18, 1.9265
2003/12/19, 1.9249
2003/12/22, 1.9337
2003/12/23, 1.9289
2003/12/24, 1.9181
2003/12/29, 1.9248
2003/12/30, 1.9139
2003/12/31, 1.9244
2004/01/02, 1.9184
2004/01/05, 1.8916
2004/01/06, 1.8934
2004/01/07, 1.8901
2004/01/08, 1.8783
2004/01/09, 1.8733
2004/01/12, 1.8806
2004/01/13, 1.8612
2004/01/14, 1.8611
2004/01/15, 1.8706
2004/01/16, 1.8678
2004/01/19, 1.8768
2004/01/20, 1.8846
2004/01/21, 1.8741
2004/01/22, 1.8764
2004/01/23, 1.8763
2004/01/26, 1.868
2004/01/27, 1.8596
2004/01/28, 1.8601
2004/01/29, 1.8514
2004/01/30, 1.8626
2004/02/02, 1.8448
2004/02/03, 1.8511
2004/02/04, 1.844
2004/02/05, 1.834
2004/02/06, 1.828
2004/02/09, 1.8282
2004/02/10, 1.8226
2004/02/11, 1.8235
2004/02/12, 1.8338
2004/02/13, 1.8219
2004/02/16, 1.8046
2004/02/17, 1.8176
2004/02/18, 1.816
2004/02/19, 1.8105
2004/02/20, 1.8231
2004/02/23, 1.8372
2004/02/24, 1.8345
2004/02/25, 1.8232
2004/02/26, 1.8085
2004/02/27, 1.8164
2004/03/01, 1.8164
2004/03/02, 1.7985
2004/03/03, 1.8152
2004/03/04, 1.8125
2004/03/05, 1.8223
2004/03/08, 1.8291
2004/03/09, 1.8163
2004/03/10, 1.8445
2004/03/11, 1.8896
2004/03/12, 1.8964
2004/03/15, 1.9044
2004/03/16, 1.896
2004/03/17, 1.8904
2004/03/18, 1.8828
2004/03/19, 1.8841
2004/03/22, 1.8659
2004/03/23, 1.8611
2004/03/24, 1.8723
2004/03/25, 1.8756
2004/03/26, 1.8705
2004/03/29, 1.8673
2004/03/30, 1.8544
2004/03/31, 1.8365
2004/04/01, 1.8525
2004/04/02, 1.8508
2004/04/05, 1.8513
2004/04/06, 1.8446
2004/04/07, 1.8366
2004/04/08, 1.841
2004/04/13, 1.8276
2004/04/14, 1.8588
2004/04/15, 1.8747
2004/04/16, 1.8756
2004/04/19, 1.8676
2004/04/20, 1.8735
2004/04/21, 1.9027
2004/04/22, 1.8993
2004/04/23, 1.8893
2004/04/26, 1.8825
2004/04/27, 1.8929
2004/04/28, 1.8986
2004/04/29, 1.9189
2004/04/30, 1.9153
2004/05/03, 1.9162
2004/05/04, 1.9151
2004/05/05, 1.9145
2004/05/06, 1.9111
2004/05/07, 1.9189
2004/05/10, 1.9483
2004/05/11, 1.9529
2004/05/12, 1.9372
2004/05/13, 1.9731
2004/05/14, 1.9641
2004/05/17, 1.9834
2004/05/18, 1.9882
2004/05/19, 1.9747
2004/05/20, 1.9667
2004/05/21, 1.9685
2004/05/24, 1.9627
2004/05/25, 1.9655
2004/05/26, 1.9508
2004/05/27, 1.9336
2004/05/28, 1.9419
2004/05/31, 1.9291
2004/06/01, 1.9324
2004/06/02, 1.9617
2004/06/03, 1.9567
2004/06/04, 1.9648
2004/06/07, 1.9569
2004/06/08, 1.9568
2004/06/09, 1.9457
2004/06/10, 1.912
2004/06/11, 1.9084
2004/06/14, 1.9217
2004/06/15, 1.9335
2004/06/16, 1.9084
2004/06/17, 1.9118
2004/06/18, 1.9214
2004/06/21, 1.9266
2004/06/22, 1.9314
2004/06/23, 1.9304
2004/06/24, 1.9228
2004/06/25, 1.9107
2004/06/28, 1.9133
2004/06/29, 1.9137
2004/06/30, 1.921
2004/07/01, 1.9013
2004/07/02, 1.9003
2004/07/05, 1.8978
2004/07/06, 1.8848
2004/07/07, 1.8866
2004/07/08, 1.8893
2004/07/09, 1.8918
2004/07/12, 1.883
2004/07/13, 1.8757
2004/07/14, 1.8902
2004/07/15, 1.903
2004/07/16, 1.8951
2004/07/19, 1.88
2004/07/20, 1.8883
2004/07/21, 1.8936
2004/07/22, 1.9074
2004/07/23, 1.9139
2004/07/26, 1.906
2004/07/27, 1.9041
2004/07/28, 1.9247
2004/07/29, 1.9059
2004/07/30, 1.8917
2004/08/02, 1.8881
2004/08/03, 1.8832
2004/08/04, 1.8624
2004/08/05, 1.8683
2004/08/06, 1.8706
2004/08/09, 1.873
2004/08/10, 1.8759
2004/08/11, 1.8754
2004/08/12, 1.8624
2004/08/13, 1.8624
2004/08/16, 1.8564
2004/08/17, 1.8553
2004/08/18, 1.8564
2004/08/19, 1.8523
2004/08/20, 1.8362
2004/08/23, 1.8303
2004/08/24, 1.8528
2004/08/25, 1.8626
2004/08/26, 1.8533
2004/08/27, 1.8422
2004/08/30, 1.8496
2004/08/31, 1.8596
2004/09/01, 1.8568
2004/09/02, 1.8681
2004/09/03, 1.862
2004/09/06, 1.863
2004/09/07, 1.8687
2004/09/08, 1.8765
2004/09/09, 1.8616
2004/09/10, 1.8726
2004/09/13, 1.8614
2004/09/14, 1.8538
2004/09/15, 1.851
2004/09/16, 1.8493
2004/09/17, 1.8448
2004/09/20, 1.8377
2004/09/21, 1.8502
2004/09/22, 1.8503
2004/09/23, 1.8458
2004/09/24, 1.8435
2004/09/27, 1.842
2004/09/28, 1.8424
2004/09/29, 1.8408
2004/09/30, 1.8414
2004/10/01, 1.8449
2004/10/04, 1.8402
2004/10/05, 1.8274
2004/10/06, 1.8296
2004/10/07, 1.8204
2004/10/08, 1.8193
2004/10/11, 1.8171
2004/10/12, 1.8152
2004/10/13, 1.8237
2004/10/14, 1.8209
2004/10/15, 1.813
2004/10/18, 1.8124
2004/10/19, 1.8215
2004/10/20, 1.8213
2004/10/21, 1.8227
2004/10/22, 1.8229
2004/10/25, 1.822
2004/10/26, 1.8307
2004/10/27, 1.8312
2004/10/28, 1.8645
2004/10/29, 1.8666
2004/11/01, 1.8627
2004/11/02, 1.8552
2004/11/03, 1.8545
2004/11/04, 1.8636
2004/11/05, 1.8614
2004/11/08, 1.8595
2004/11/09, 1.8646
2004/11/10, 1.8858
2004/11/11, 1.8784
2004/11/12, 1.8651
2004/11/15, 1.8487
2004/11/16, 1.8482
2004/11/17, 1.8446
2004/11/18, 1.8365
2004/11/19, 1.8344
2004/11/22, 1.836
2004/11/23, 1.837
2004/11/24, 1.8481
2004/11/25, 1.8464
2004/11/26, 1.8506
2004/11/29, 1.8502
2004/11/30, 1.8555
2004/12/01, 1.8604
2004/12/02, 1.8467
2004/12/03, 1.8579
2004/12/06, 1.8592
2004/12/07, 1.8626
2004/12/08, 1.8823
2004/12/09, 1.8794
2004/12/10, 1.8759
2004/12/13, 1.8674
2004/12/14, 1.8668
2004/12/15, 1.8705
2004/12/16, 1.8625
2004/12/17, 1.8583
2004/12/20, 1.8672
2004/12/21, 1.8779
2004/12/22, 1.8735
2004/12/23, 1.887
2004/12/24, 1.8908
2004/12/27, 1.8861
2004/12/28, 1.8842
2004/12/29, 1.8897
2004/12/30, 1.9015
2004/12/31, 1.8871
2005/01/03, 1.8877
2005/01/04, 1.8855
2005/01/05, 1.8963
2005/01/06, 1.8909
2005/01/07, 1.8811
2005/01/10, 1.8865
2005/01/11, 1.8854
2005/01/12, 1.887
2005/01/13, 1.8759
2005/01/14, 1.873
2005/01/17, 1.8727
2005/01/18, 1.8764
2005/01/19, 1.86
2005/01/20, 1.8439
2005/01/21, 1.8305
2005/01/24, 1.8293
2005/01/25, 1.8314
2005/01/26, 1.8209
2005/01/27, 1.8264
2005/01/28, 1.8312
2005/01/31, 1.8301
2005/02/01, 1.8347
2005/02/02, 1.8336
2005/02/03, 1.825
2005/02/04, 1.8215
2005/02/07, 1.8137
2005/02/08, 1.8267
2005/02/09, 1.8209
2005/02/10, 1.8113
2005/02/11, 1.8076
2005/02/14, 1.8093
2005/02/15, 1.8192
2005/02/16, 1.8237
2005/02/17, 1.8216
2005/02/18, 1.812
2005/02/21, 1.7979
2005/02/22, 1.8066
2005/02/23, 1.8215
2005/02/24, 1.8309
2005/02/25, 1.8288
2005/02/28, 1.8178
2005/03/01, 1.8201
2005/03/02, 1.8077
2005/03/03, 1.8049
2005/03/04, 1.8031
2005/03/07, 1.798
2005/03/08, 1.7964
2005/03/09, 1.8189
2005/03/10, 1.8147
2005/03/11, 1.8173
2005/03/14, 1.8142
2005/03/15, 1.8066
2005/03/16, 1.8065
2005/03/17, 1.801
2005/03/18, 1.7951
2005/03/21, 1.7867
2005/03/22, 1.7855
2005/03/23, 1.8016
2005/03/24, 1.8211
2005/03/29, 1.8203
2005/03/30, 1.8266
2005/03/31, 1.8237
2005/04/01, 1.8239
2005/04/04, 1.8214
2005/04/05, 1.8188
2005/04/06, 1.8092
2005/04/07, 1.8057
2005/04/08, 1.7976
2005/04/11, 1.8002
2005/04/12, 1.7983
2005/04/13, 1.7852
2005/04/14, 1.7719
2005/04/15, 1.7994
2005/04/18, 1.8119
2005/04/19, 1.8086
2005/04/20, 1.7987
2005/04/21, 1.7976
2005/04/22, 1.7911
2005/04/25, 1.7746
2005/04/26, 1.7831
2005/04/27, 1.7917
2005/04/28, 1.7756
2005/04/29, 1.7669
2005/05/02, 1.7621
2005/05/03, 1.7731
2005/05/04, 1.7712
2005/05/05, 1.7635
2005/05/06, 1.7612
2005/05/09, 1.7552
2005/05/10, 1.7596
2005/05/11, 1.757
2005/05/12, 1.7675
2005/05/13, 1.7712
2005/05/16, 1.7857
2005/05/17, 1.7823
2005/05/18, 1.7821
2005/05/19, 1.7765
2005/05/20, 1.7761
2005/05/23, 1.7729
2005/05/24, 1.7662
2005/05/25, 1.7648
2005/05/26, 1.7595
2005/05/27, 1.759
2005/05/30, 1.7512
2005/05/31, 1.7454
2005/06/01, 1.7511
2005/06/02, 1.7528
2005/06/03, 1.7498
2005/06/06, 1.7372
2005/06/07, 1.722
2005/06/08, 1.7221
2005/06/09, 1.7165
2005/06/10, 1.7194
2005/06/13, 1.7132
2005/06/14, 1.7078
2005/06/15, 1.6986
2005/06/16, 1.6988
2005/06/17, 1.6991
2005/06/20, 1.7003
2005/06/21, 1.6945
2005/06/22, 1.6948
2005/06/23, 1.702
2005/06/24, 1.7056
2005/06/27, 1.7158
2005/06/28, 1.7238
2005/06/29, 1.7219
2005/06/30, 1.7387
2005/07/01, 1.7526
2005/07/04, 1.7536
2005/07/05, 1.7628
2005/07/06, 1.7629
2005/07/07, 1.7669
2005/07/08, 1.7725
2005/07/11, 1.776
2005/07/12, 1.7797
2005/07/13, 1.7963
2005/07/14, 1.7875
2005/07/15, 1.7907
2005/07/18, 1.7904
2005/07/19, 1.7745
2005/07/20, 1.7815
2005/07/21, 1.7791
2005/07/22, 1.7697
2005/07/25, 1.77
2005/07/26, 1.7577
2005/07/27, 1.7672
2005/07/28, 1.7762
2005/07/29, 1.7697
2005/08/01, 1.7829
2005/08/02, 1.7759
2005/08/03, 1.7836
2005/08/04, 1.7879
2005/08/05, 1.7879
2005/08/08, 1.7834
2005/08/09, 1.7899
2005/08/10, 1.7823
2005/08/11, 1.7687
2005/08/12, 1.7616
2005/08/15, 1.7499
2005/08/16, 1.7489
2005/08/17, 1.7518
2005/08/18, 1.7513
2005/08/19, 1.7553
2005/08/22, 1.7537
2005/08/23, 1.7546
2005/08/24, 1.7512
2005/08/25, 1.7575
2005/08/26, 1.7622
2005/08/29, 1.7669
2005/08/30, 1.7706
2005/08/31, 1.7744
2005/09/01, 1.7747
2005/09/02, 1.7755
2005/09/05, 1.766
2005/09/06, 1.7619
2005/09/07, 1.765
2005/09/08, 1.7622
2005/09/09, 1.7581
2005/09/12, 1.7446
2005/09/13, 1.7483
2005/09/14, 1.7414
2005/09/15, 1.7279
2005/09/16, 1.7347
2005/09/19, 1.7356
2005/09/20, 1.7303
2005/09/21, 1.7449
2005/09/22, 1.7506
2005/09/23, 1.7559
2005/09/26, 1.7561
2005/09/27, 1.7647
2005/09/28, 1.7548
2005/09/29, 1.7386
2005/09/30, 1.7414
2005/10/03, 1.7261
2005/10/04, 1.7183
2005/10/05, 1.7169
2005/10/06, 1.7301
2005/10/07, 1.7423
2005/10/10, 1.731
2005/10/11, 1.7318
2005/10/12, 1.73
2005/10/13, 1.7296
2005/10/14, 1.7294
2005/10/17, 1.7279
2005/10/18, 1.7171
2005/10/19, 1.713
2005/10/20, 1.7123
2005/10/21, 1.7141
2005/10/24, 1.7043
2005/10/25, 1.7114
2005/10/26, 1.7149
2005/10/27, 1.7161
2005/10/28, 1.7188
2005/10/31, 1.7108
2005/11/01, 1.7181
2005/11/02, 1.7329
2005/11/03, 1.7351
2005/11/04, 1.7345
2005/11/07, 1.7384
2005/11/08, 1.7279
2005/11/09, 1.7167
2005/11/10, 1.7071
2005/11/11, 1.7043
2005/11/14, 1.7151
2005/11/15, 1.7106
2005/11/16, 1.7087
2005/11/17, 1.7028
2005/11/18, 1.7028
2005/11/21, 1.7128
2005/11/22, 1.7052
2005/11/23, 1.7035
2005/11/24, 1.6945
2005/11/25, 1.69
2005/11/28, 1.6797
2005/11/29, 1.679
2005/11/30, 1.6737
2005/12/01, 1.6666
2005/12/02, 1.6537
2005/12/05, 1.6406
2005/12/06, 1.6417
2005/12/07, 1.6585
2005/12/08, 1.6833
2005/12/09, 1.677
2005/12/12, 1.6836
2005/12/13, 1.6864
2005/12/14, 1.6943
2005/12/15, 1.7279
2005/12/16, 1.7376
2005/12/19, 1.733
2005/12/20, 1.7383
2005/12/21, 1.7444
2005/12/22, 1.7521
2005/12/23, 1.765
2005/12/27, 1.7555
2005/12/28, 1.7495
2005/12/29, 1.7348
2005/12/30, 1.727
2006/01/02, 1.734
2006/01/03, 1.7427
2006/01/04, 1.7575
2006/01/05, 1.7667
2006/01/06, 1.7642
2006/01/09, 1.7433
2006/01/10, 1.7408
2006/01/11, 1.7392
2006/01/12, 1.7359
2006/01/13, 1.7344
2006/01/16, 1.734
2006/01/17, 1.7475
2006/01/18, 1.762
2006/01/19, 1.7822
2006/01/20, 1.776
2006/01/23, 1.794
2006/01/24, 1.8094
2006/01/25, 1.7887
2006/01/26, 1.7788
2006/01/27, 1.7835
2006/01/30, 1.7715
2006/01/31, 1.7698
2006/02/01, 1.7624
2006/02/02, 1.7557
2006/02/03, 1.7482
2006/02/06, 1.7527
2006/02/07, 1.7546
2006/02/08, 1.7669
2006/02/09, 1.7702
2006/02/10, 1.7544
2006/02/13, 1.7524
2006/02/14, 1.7689
2006/02/15, 1.7573
2006/02/16, 1.7666
2006/02/17, 1.7892
2006/02/20, 1.7844
2006/02/21, 1.7931
2006/02/22, 1.8055
2006/02/23, 1.806
2006/02/24, 1.7949
2006/02/27, 1.7984
2006/02/28, 1.7993
2006/03/01, 1.7955
2006/03/02, 1.79
2006/03/03, 1.8028
2006/03/06, 1.8185
2006/03/07, 1.8357
2006/03/08, 1.8358
2006/03/09, 1.8328
2006/03/10, 1.8524
2006/03/13, 1.8584
2006/03/14, 1.8784
2006/03/15, 1.8681
2006/03/16, 1.8887
2006/03/17, 1.9215
2006/03/20, 1.9453
2006/03/21, 1.9489
2006/03/22, 1.9425
2006/03/23, 1.9183
2006/03/24, 1.9571
2006/03/27, 1.9753
2006/03/28, 1.979
2006/03/29, 1.9914
2006/03/30, 1.984
2006/03/31, 1.9774
2006/04/03, 1.9628
2006/04/04, 2.007
2006/04/05, 2.0012
2006/04/06, 1.9998
2006/04/07, 1.9828
2006/04/10, 1.9904
2006/04/11, 1.9855
2006/04/12, 1.972
2006/04/13, 1.9605
2006/04/18, 1.9576
2006/04/19, 1.9462
2006/04/20, 1.9535
2006/04/21, 1.9497
2006/04/24, 1.9478
2006/04/25, 1.9728
2006/04/26, 1.9734
2006/04/27, 1.9751
2006/04/28, 1.9818
2006/05/02, 1.9813
2006/05/03, 1.9603
2006/05/04, 1.9693
2006/05/05, 1.9807
2006/05/08, 2.0067
2006/05/09, 2.0292
2006/05/10, 2.04
2006/05/11, 2.0206
2006/05/12, 2.0525
2006/05/15, 2.0618
2006/05/16, 2.0625
2006/05/17, 2.0533
2006/05/18, 2.0469
2006/05/19, 2.0563
2006/05/22, 2.0648
2006/05/23, 2.0609
2006/05/24, 2.05
2006/05/25, 1.9929
2006/05/26, 2.0067
2006/05/29, 2.0111
2006/05/30, 2.0054
2006/05/31, 2.0141
2006/06/01, 2.0205
2006/06/02, 2.0479
2006/06/05, 2.0478
2006/06/06, 2.0386
2006/06/07, 2.0444
2006/06/08, 2.0302
2006/06/09, 1.9999
2006/06/12, 1.9929
2006/06/13, 2.0254
2006/06/14, 2.0125
2006/06/15, 2.0227
2006/06/16, 2.0312
2006/06/19, 2.0426
2006/06/20, 2.0221
2006/06/21, 2.0474
2006/06/22, 2.0578
2006/06/23, 2.0633
2006/06/26, 2.0775
2006/06/27, 2.0847
2006/06/28, 2.1122
2006/06/29, 2.1093
2006/06/30, 2.0864
2006/07/03, 2.1067
2006/07/04, 2.0951
2006/07/05, 2.0963
2006/07/06, 2.1103
2006/07/07, 2.1043
2006/07/10, 2.0824
2006/07/11, 2.0724
2006/07/12, 2.0633
2006/07/13, 2.0546
2006/07/14, 2.0437
2006/07/17, 2.0198
2006/07/18, 1.9956
2006/07/19, 2.0069
2006/07/20, 2.0303
2006/07/21, 2.0316
2006/07/24, 2.0321
2006/07/25, 2.017
2006/07/26, 2.0171
2006/07/27, 2.0495
2006/07/28, 2.0571
2006/07/31, 2.0708
2006/08/01, 2.068
2006/08/02, 2.0698
2006/08/03, 2.0559
2006/08/04, 2.0666
2006/08/07, 2.0623
2006/08/08, 2.0561
2006/08/09, 2.0449
2006/08/10, 2.0269
2006/08/11, 2.0171
2006/08/14, 2.0143
2006/08/15, 2.015
2006/08/16, 2.0065
2006/08/17, 2.0072
2006/08/18, 2.0005
2006/08/21, 2.0158
2006/08/22, 2.0089
2006/08/23, 2.0027
2006/08/24, 2.0117
2006/08/25, 2.0083
2006/08/28, 2.0098
2006/08/29, 1.9874
2006/08/30, 1.9785
2006/08/31, 1.972
2006/09/01, 1.9546
2006/09/04, 1.9691
2006/09/05, 1.9809
2006/09/06, 1.9732
2006/09/07, 1.9746
2006/09/08, 1.9862
2006/09/11, 1.984
2006/09/12, 1.9815
2006/09/13, 1.9653
2006/09/14, 1.9203
2006/09/15, 1.9248
2006/09/18, 1.909
2006/09/19, 1.9091
2006/09/20, 1.9273
2006/09/21, 1.9258
2006/09/22, 1.9468
2006/09/25, 1.9136
2006/09/26, 1.8974
2006/09/27, 1.9264
2006/09/28, 1.9377
2006/09/29, 1.9427
2006/10/02, 1.9372
2006/10/03, 1.9285
2006/10/04, 1.9228
2006/10/05, 1.9154
2006/10/06, 1.9065
2006/10/09, 1.916
2006/10/10, 1.8995
2006/10/11, 1.8987
2006/10/12, 1.899
2006/10/13, 1.9006
2006/10/16, 1.9008
2006/10/17, 1.8876
2006/10/18, 1.8901
2006/10/19, 1.8895
2006/10/20, 1.8853
2006/10/23, 1.889
2006/10/24, 1.8933
2006/10/25, 1.9038
2006/10/26, 1.9332
2006/10/27, 1.9279
2006/10/30, 1.9143
2006/10/31, 1.9072
2006/11/01, 1.8976
2006/11/02, 1.8958
2006/11/03, 1.8935
2006/11/06, 1.9073
2006/11/07, 1.9067
2006/11/08, 1.9109
2006/11/09, 1.9259
2006/11/10, 1.9336
2006/11/13, 1.9355
2006/11/14, 1.9437
2006/11/15, 1.9406
2006/11/16, 1.9279
2006/11/17, 1.9294
2006/11/20, 1.9225
2006/11/21, 1.9126
2006/11/22, 1.9249
2006/11/23, 1.9321
2006/11/24, 1.9538
2006/11/27, 1.9591
2006/11/28, 1.9525
2006/11/29, 1.9398
2006/11/30, 1.933
2006/12/01, 1.938
2006/12/04, 1.9359
2006/12/05, 1.9422
2006/12/06, 1.9429
2006/12/07, 1.9261
2006/12/08, 1.9262
2006/12/11, 1.9176
2006/12/12, 1.9185
2006/12/13, 1.9172
2006/12/14, 1.9172
2006/12/15, 1.9064
2006/12/18, 1.8997
2006/12/19, 1.8981
2006/12/20, 1.8915
2006/12/21, 1.8946
2006/12/22, 1.888
2006/12/27, 1.8729
2006/12/28, 1.8731
2006/12/29, 1.8725
2007/01/02, 1.876
2007/01/03, 1.8773
2007/01/04, 1.8753
2007/01/05, 1.8885
2007/01/08, 1.8972
2007/01/09, 1.8796
2007/01/10, 1.8851
2007/01/11, 1.8773
2007/01/12, 1.8692
2007/01/15, 1.863
2007/01/16, 1.8585
2007/01/17, 1.8689
2007/01/18, 1.8611
2007/01/19, 1.8633
2007/01/22, 1.8538
2007/01/23, 1.8548
2007/01/24, 1.8634
2007/01/25, 1.8468
2007/01/26, 1.8566
2007/01/29, 1.8571
2007/01/30, 1.8677
2007/01/31, 1.8975
2007/02/01, 1.8957
2007/02/02, 1.9169
2007/02/05, 1.8966
2007/02/06, 1.8998
2007/02/07, 1.9025
2007/02/08, 1.8954
2007/02/09, 1.9053
2007/02/12, 1.8933
2007/02/13, 1.8953
2007/02/14, 1.8923
2007/02/15, 1.8885
2007/02/16, 1.8854
2007/02/19, 1.8753
2007/02/20, 1.8756
2007/02/21, 1.8642
2007/02/22, 1.856
2007/02/23, 1.8608
2007/02/26, 1.8578
2007/02/27, 1.8735
2007/02/28, 1.887
2007/03/01, 1.9036
2007/03/02, 1.915
2007/03/05, 1.9367
2007/03/06, 1.927
2007/03/07, 1.9183
2007/03/08, 1.9149
2007/03/09, 1.9085
2007/03/12, 1.9048
2007/03/13, 1.9006
2007/03/14, 1.9137
2007/03/15, 1.91
2007/03/16, 1.9088
2007/03/19, 1.896
2007/03/20, 1.8887
2007/03/21, 1.8861
2007/03/22, 1.8736
2007/03/23, 1.8654
2007/03/26, 1.8588
2007/03/27, 1.8579
2007/03/28, 1.8702
2007/03/29, 1.8713
2007/03/30, 1.8644
2007/04/02, 1.8571
2007/04/03, 1.8538
2007/04/04, 1.859
2007/04/05, 1.8499
2007/04/10, 1.8471
2007/04/11, 1.8422
2007/04/12, 1.8497
2007/04/13, 1.8354
2007/04/16, 1.831
2007/04/17, 1.8231
2007/04/18, 1.8342
2007/04/19, 1.8367
2007/04/20, 1.8266
2007/04/23, 1.821
2007/04/24, 1.8305
2007/04/25, 1.8321
2007/04/26, 1.8405
2007/04/27, 1.8385
2007/04/30, 1.8393
2007/05/02, 1.8398
2007/05/03, 1.8428
2007/05/04, 1.8463
2007/05/07, 1.8442
2007/05/08, 1.8363
2007/05/09, 1.8381
2007/05/10, 1.8439
2007/05/11, 1.8468
2007/05/14, 1.8334
2007/05/15, 1.841
2007/05/16, 1.8434
2007/05/17, 1.8483
2007/05/18, 1.8505
2007/05/21, 1.8452
2007/05/22, 1.8462
2007/05/23, 1.8464
2007/05/24, 1.8453
2007/05/25, 1.8506
2007/05/28, 1.8509
2007/05/29, 1.8539
2007/05/30, 1.8463
2007/05/31, 1.8312
2007/06/01, 1.8163
2007/06/04, 1.8071
2007/06/05, 1.7956
2007/06/06, 1.802
2007/06/07, 1.7842
2007/06/08, 1.7756
2007/06/11, 1.781
2007/06/12, 1.7753
2007/06/13, 1.7724
2007/06/14, 1.7746
2007/06/15, 1.7696
2007/06/18, 1.7768
2007/06/19, 1.7742
2007/06/20, 1.7625
2007/06/21, 1.7546
2007/06/22, 1.755
2007/06/25, 1.7563
2007/06/26, 1.7528
2007/06/27, 1.7627
2007/06/28, 1.7513
2007/06/29, 1.7502
2007/07/02, 1.7446
2007/07/03, 1.7384
2007/07/04, 1.7407
2007/07/05, 1.7318
2007/07/06, 1.7368
2007/07/09, 1.7432
2007/07/10, 1.7562
2007/07/11, 1.7719
2007/07/12, 1.763
2007/07/13, 1.7531
2007/07/16, 1.7409
2007/07/17, 1.7398
2007/07/18, 1.7405
2007/07/19, 1.7433
2007/07/20, 1.7339
2007/07/23, 1.7229
2007/07/24, 1.7103
2007/07/25, 1.7072
2007/07/26, 1.7262
2007/07/27, 1.7568
2007/07/30, 1.8048
2007/07/31, 1.775
2007/08/01, 1.7936
2007/08/02, 1.7849
2007/08/03, 1.7858
2007/08/06, 1.8153
2007/08/07, 1.81
2007/08/08, 1.8044
2007/08/09, 1.8134
2007/08/10, 1.8403
2007/08/13, 1.8461
2007/08/14, 1.8571
2007/08/15, 1.886
2007/08/16, 1.979
2007/08/17, 1.9727
2007/08/20, 1.9336
2007/08/21, 1.9269
2007/08/22, 1.9281
2007/08/23, 1.8914
2007/08/24, 1.9036
2007/08/27, 1.887
2007/08/28, 1.9197
2007/08/29, 1.9527
2007/08/30, 1.9404
2007/08/31, 1.9347
2007/09/03, 1.9395
2007/09/04, 1.9415
2007/09/05, 1.9643
2007/09/06, 1.9828
2007/09/07, 1.9834
2007/09/10, 1.9891
2007/09/11, 1.9819
2007/09/12, 1.964
2007/09/13, 1.9437
2007/09/14, 1.9407
2007/09/17, 1.9516
2007/09/18, 1.9612
2007/09/19, 1.9131
2007/09/20, 1.8878
2007/09/21, 1.8987
2007/09/24, 1.8904
2007/09/25, 1.923
2007/09/26, 1.8995
2007/09/27, 1.8862
2007/09/28, 1.8737
2007/10/01, 1.8666
2007/10/02, 1.8619
2007/10/03, 1.8642
2007/10/04, 1.8736
2007/10/05, 1.8662
2007/10/08, 1.8448
2007/10/09, 1.8466
2007/10/10, 1.8558
2007/10/11, 1.8445
2007/10/12, 1.8388
2007/10/15, 1.842
2007/10/16, 1.893
2007/10/17, 1.8886
2007/10/18, 1.9132
2007/10/19, 1.8958
2007/10/22, 1.9136
2007/10/23, 1.8909
2007/10/24, 1.8941
2007/10/25, 1.8902
2007/10/26, 1.8792
2007/10/29, 1.872
2007/10/30, 1.8779
2007/10/31, 1.8863
2007/11/01, 1.8817
2007/11/02, 1.8921
2007/11/05, 1.8896
2007/11/06, 1.8733
2007/11/07, 1.8767
2007/11/08, 1.8923
2007/11/09, 1.9056
2007/11/12, 1.9524
2007/11/13, 1.922
2007/11/14, 1.9227
2007/11/15, 1.9329
2007/11/16, 1.9241
2007/11/19, 1.9313
2007/11/20, 1.9433
2007/11/21, 1.9601
2007/11/22, 1.9674
2007/11/23, 1.9691
2007/11/26, 1.9599
2007/11/27, 1.9705
2007/11/28, 1.9184
2007/11/29, 1.9114
2007/11/30, 1.9105
2007/12/03, 1.9159
2007/12/04, 1.9334
2007/12/05, 1.9216
2007/12/06, 1.8866
2007/12/07, 1.8795
2007/12/10, 1.892
2007/12/11, 1.8709
2007/12/12, 1.8663
2007/12/13, 1.8766
2007/12/14, 1.8701
2007/12/17, 1.9042
2007/12/18, 1.9034
2007/12/19, 1.9016
2007/12/20, 1.8978
2007/12/21, 1.8786
2007/12/24, 1.8785
2007/12/27, 1.8882
2007/12/28, 1.8991
2007/12/31, 1.9024
2008/01/02, 1.8949
2008/01/03, 1.9066
2008/01/04, 1.9043
2008/01/07, 1.9228
2008/01/08, 1.9084
2008/01/09, 1.8981
2008/01/10, 1.8926
2008/01/11, 1.8822
2008/01/14, 1.8852
2008/01/15, 1.8842
2008/01/16, 1.9255
2008/01/17, 1.9069
2008/01/18, 1.9127
2008/01/21, 1.9287
2008/01/22, 1.9336
2008/01/23, 1.9231
2008/01/24, 1.9065
2008/01/25, 1.9011
2008/01/28, 1.9053
2008/01/29, 1.8988
2008/01/30, 1.9013
2008/01/31, 1.896
2008/02/01, 1.8783
2008/02/04, 1.8662
2008/02/05, 1.8638
2008/02/06, 1.8634
2008/02/07, 1.8565
2008/02/08, 1.8466
2008/02/11, 1.8394
2008/02/12, 1.8344
2008/02/13, 1.8576
2008/02/14, 1.8522
2008/02/15, 1.8602
2008/02/18, 1.8432
2008/02/19, 1.841
2008/02/20, 1.8449
2008/02/21, 1.8415
2008/02/22, 1.8412
2008/02/25, 1.831
2008/02/26, 1.8338
2008/02/27, 1.8365
2008/02/28, 1.8606
2008/02/29, 1.8854
2008/03/03, 1.9065
2008/03/04, 1.8939
2008/03/05, 1.9076
2008/03/06, 1.9075
2008/03/07, 1.9299
2008/03/10, 1.9314
2008/03/11, 1.9158
2008/03/12, 1.9273
2008/03/13, 1.9281
2008/03/14, 1.8998
2008/03/17, 1.9646
2008/03/18, 1.9509
2008/03/19, 1.9268
2008/03/20, 1.9458
2008/03/25, 1.9376
2008/03/26, 1.9455
2008/03/27, 1.959
2008/03/28, 1.9677
2008/03/31, 2.0079
2008/04/01, 2.0044
2008/04/02, 1.9759
2008/04/03, 1.9821
2008/04/04, 1.9972
2008/04/07, 1.976
2008/04/08, 1.9781
2008/04/09, 1.9766
2008/04/10, 1.984
2008/04/11, 1.9913
2008/04/14, 2.0049
2008/04/15, 2.0184
2008/04/16, 2.0223
2008/04/17, 2.0173
2008/04/18, 1.9972
2008/04/21, 2.004
2008/04/22, 1.9987
2008/04/23, 1.9923
2008/04/24, 1.9922
2008/04/25, 1.9992
2008/04/28, 1.9906
2008/04/29, 2.0097
2008/04/30, 1.9992
2008/05/02, 1.9772
2008/05/05, 1.9738
2008/05/06, 1.9739
2008/05/07, 1.9644
2008/05/08, 1.9929
2008/05/09, 2.0175
2008/05/12, 2.0107
2008/05/13, 2.0118
2008/05/14, 2.0295
2008/05/15, 2.0525
2008/05/16, 2.0131
2008/05/19, 2.0053
2008/05/20, 2.0146
2008/05/21, 2.0216
2008/05/22, 2.0031
2008/05/23, 1.999
2008/05/26, 2.0022
2008/05/27, 1.9938
2008/05/28, 1.9946
2008/05/29, 1.9895
2008/05/30, 1.9812
2008/06/02, 1.9796
2008/06/03, 1.9822
2008/06/04, 1.974
2008/06/05, 2.0168
2008/06/06, 2.0322
2008/06/09, 2.0563
2008/06/10, 2.0598
2008/06/11, 2.0518
2008/06/12, 2.0564
2008/06/13, 2.0552
2008/06/16, 2.0534
2008/06/17, 2.0533
2008/06/18, 2.0529
2008/06/19, 2.0432
2008/06/20, 2.0448
2008/06/23, 2.0468
2008/06/24, 2.0576
2008/06/25, 2.0609
2008/06/26, 2.076
2008/06/27, 2.0737
2008/06/30, 2.0632
2008/07/01, 2.074
2008/07/02, 2.0833
2008/07/03, 2.0941
2008/07/04, 2.0693
2008/07/07, 2.0781
2008/07/08, 2.0909
2008/07/09, 2.0834
2008/07/10, 2.0734
2008/07/11, 2.0816
2008/07/14, 2.083
2008/07/15, 2.0696
2008/07/16, 2.0591
2008/07/17, 2.0661
2008/07/18, 2.0719
2008/07/21, 2.083
2008/07/22, 2.0876
2008/07/23, 2.0966
2008/07/24, 2.1145
2008/07/25, 2.1159
2008/07/28, 2.1163
2008/07/29, 2.1236
2008/07/30, 2.1256
2008/07/31, 2.1296
2008/08/01, 2.1377
2008/08/04, 2.1317
2008/08/05, 2.1388
2008/08/06, 2.1398
2008/08/07, 2.1537
2008/08/08, 2.1394
2008/08/11, 2.1315
2008/08/12, 2.1389
2008/08/13, 2.1369
2008/08/14, 2.1197
2008/08/15, 2.1044
2008/08/18, 2.0603
2008/08/19, 2.0688
2008/08/20, 2.0705
2008/08/21, 2.0738
2008/08/22, 2.0782
2008/08/25, 2.0837
2008/08/26, 2.1083
2008/08/27, 2.103
2008/08/28, 2.0958
2008/08/29, 2.089
2008/09/01, 2.0974
2008/09/02, 2.1153
2008/09/03, 2.119
2008/09/04, 2.1107
2008/09/05, 2.1447
2008/09/08, 2.1086
2008/09/09, 2.097
2008/09/10, 2.1118
2008/09/11, 2.1506
2008/09/12, 2.1452
2008/09/15, 2.1524
2008/09/16, 2.1729
2008/09/17, 2.1589
2008/09/18, 2.1449
2008/09/19, 2.1003
2008/09/22, 2.1166
2008/09/23, 2.1393
2008/09/24, 2.1489
2008/09/25, 2.1372
2008/09/26, 2.1354
2008/09/29, 2.1223
2008/09/30, 2.1143
2008/10/01, 2.0839
2008/10/02, 2.0754
2008/10/03, 2.0878
2008/10/06, 2.1021
2008/10/07, 2.1437
2008/10/08, 2.248
2008/10/09, 2.2093
2008/10/10, 2.2677
2008/10/13, 2.2551
2008/10/14, 2.1744
2008/10/15, 2.1744
2008/10/16, 2.2124
2008/10/17, 2.1852
2008/10/20, 2.179
2008/10/21, 2.1557
2008/10/22, 2.1554
2008/10/23, 2.1802
2008/10/24, 2.2829
2008/10/27, 2.3002
2008/10/28, 2.2684
2008/10/29, 2.2182
2008/10/30, 2.2015
2008/10/31, 2.1887
2008/11/03, 2.1836
2008/11/04, 2.1103
2008/11/05, 2.1342
2008/11/06, 2.1367
2008/11/07, 2.1712
2008/11/10, 2.143
2008/11/11, 2.1838
2008/11/12, 2.1801
2008/11/13, 2.2515
2008/11/14, 2.2742
2008/11/17, 2.2725
2008/11/18, 2.2983
2008/11/19, 2.3031
2008/11/20, 2.3209
2008/11/21, 2.3854
2008/11/24, 2.3619
2008/11/25, 2.3779
2008/11/26, 2.3578
2008/11/27, 2.3399
2008/11/28, 2.3212
2008/12/01, 2.361
2008/12/02, 2.3804
2008/12/03, 2.3804
2008/12/04, 2.3593
2008/12/05, 2.4016
2008/12/08, 2.369
2008/12/09, 2.373
2008/12/10, 2.3696
2008/12/11, 2.399
2008/12/12, 2.45
2008/12/15, 2.4441
2008/12/16, 2.4318
2008/12/17, 2.4298
2008/12/18, 2.4415
2008/12/19, 2.4309
2008/12/22, 2.4247
2008/12/23, 2.4471
2008/12/24, 2.4371
2008/12/29, 2.4559
2008/12/30, 2.4448
2008/12/31, 2.4191
2009/01/02, 2.3969
2009/01/05, 2.3301
2009/01/06, 2.27
2009/01/07, 2.2717
2009/01/08, 2.3103
2009/01/09, 2.316
2009/01/12, 2.3103
2009/01/13, 2.3997
2009/01/14, 2.4262
2009/01/15, 2.438
2009/01/16, 2.4182
2009/01/19, 2.4223
2009/01/20, 2.4482
2009/01/21, 2.4882
2009/01/22, 2.4582
2009/01/23, 2.4592
2009/01/26, 2.4621
2009/01/27, 2.4922
2009/01/28, 2.5024
2009/01/29, 2.5294
2009/01/30, 2.5268
2009/02/02, 2.5535
2009/02/03, 2.5418
2009/02/04, 2.5325
2009/02/05, 2.5033
2009/02/06, 2.4684
2009/02/09, 2.4248
2009/02/10, 2.4176
2009/02/11, 2.4693
2009/02/12, 2.4738
2009/02/13, 2.4325
2009/02/16, 2.4638
2009/02/17, 2.479
2009/02/18, 2.4691
2009/02/19, 2.4653
2009/02/20, 2.4957
2009/02/23, 2.4967
2009/02/24, 2.5072
2009/02/25, 2.4847
2009/02/26, 2.4953
2009/02/27, 2.5275
2009/03/02, 2.5511
2009/03/03, 2.5303
2009/03/04, 2.508
2009/03/05, 2.5065
2009/03/06, 2.5134
2009/03/09, 2.5399
2009/03/10, 2.5472
2009/03/11, 2.5266
2009/03/12, 2.4984
2009/03/13, 2.4607
2009/03/16, 2.4568
2009/03/17, 2.441
2009/03/18, 2.4753
2009/03/19, 2.4601
2009/03/20, 2.424
2009/03/23, 2.3938
2009/03/24, 2.3877
2009/03/25, 2.3847
2009/03/26, 2.3497
2009/03/27, 2.3312
2009/03/30, 2.3448
2009/03/31, 2.3288
2009/04/01, 2.3525
2009/04/02, 2.3258
2009/04/03, 2.2968
2009/04/06, 2.2923
2009/04/07, 2.2998
2009/04/08, 2.2963
2009/04/09, 2.2875
2009/04/14, 2.2546
2009/04/15, 2.2912
2009/04/16, 2.3137
2009/04/17, 2.2891
2009/04/20, 2.3149
2009/04/21, 2.3347
2009/04/22, 2.3269
2009/04/23, 2.3258
2009/04/24, 2.3294
2009/04/27, 2.3234
2009/04/28, 2.331
2009/04/29, 2.3233
2009/04/30, 2.3378
2009/05/04, 2.3137
2009/05/05, 2.2994
2009/05/06, 2.2857
2009/05/07, 2.2385
2009/05/08, 2.2531
2009/05/11, 2.2537
2009/05/12, 2.2555
2009/05/13, 2.2749
2009/05/14, 2.3066
2009/05/15, 2.3
2009/05/18, 2.2861
2009/05/19, 2.2512
2009/05/20, 2.2609
2009/05/21, 2.2779
2009/05/22, 2.2555
2009/05/25, 2.2652
2009/05/26, 2.2622
2009/05/27, 2.2501
2009/05/28, 2.2223
2009/05/29, 2.2135
2009/06/01, 2.1916
2009/06/02, 2.1767
2009/06/03, 2.2013
2009/06/04, 2.248
2009/06/05, 2.2263
2009/06/08, 2.2337
2009/06/09, 2.2385
2009/06/10, 2.2257
2009/06/11, 2.1835
2009/06/12, 2.1893
2009/06/15, 2.1953
2009/06/16, 2.1809
2009/06/17, 2.2077
2009/06/18, 2.1923
2009/06/19, 2.1685
2009/06/22, 2.1844
2009/06/23, 2.2046
2009/06/24, 2.1806
2009/06/25, 2.187
2009/06/26, 2.1795
2009/06/29, 2.1673
2009/06/30, 2.1656
2009/07/01, 2.2017
2009/07/02, 2.2168
2009/07/03, 2.2119
2009/07/06, 2.2175
2009/07/07, 2.1996
2009/07/08, 2.2168
2009/07/09, 2.2194
2009/07/10, 2.225
2009/07/13, 2.2407
2009/07/14, 2.1988
2009/07/15, 2.178
2009/07/16, 2.1852
2009/07/17, 2.1884
2009/07/20, 2.1714
2009/07/21, 2.1647
2009/07/22, 2.1657
2009/07/23, 2.1579
2009/07/24, 2.1663
2009/07/27, 2.1697
2009/07/28, 2.1531
2009/07/29, 2.1457
2009/07/30, 2.1555
2009/07/31, 2.1578
2009/08/03, 2.1445
2009/08/04, 2.1609
2009/08/05, 2.1347
2009/08/06, 2.1435
2009/08/07, 2.1315
2009/08/10, 2.0985
2009/08/11, 2.1126
2009/08/12, 2.1294
2009/08/13, 2.1021
2009/08/14, 2.0785
2009/08/17, 2.1155
2009/08/18, 2.0985
2009/08/19, 2.1108
2009/08/20, 2.1055
2009/08/21, 2.1015
2009/08/24, 2.0865
2009/08/25, 2.0832
2009/08/26, 2.0879
2009/08/27, 2.0902
2009/08/28, 2.0908
2009/08/31, 2.0973
2009/09/01, 2.0953
2009/09/02, 2.1078
2009/09/03, 2.1025
2009/09/04, 2.0851
2009/09/07, 2.0696
2009/09/08, 2.079
2009/09/09, 2.0819
2009/09/10, 2.0901
2009/09/11, 2.066
2009/09/14, 2.0818
2009/09/15, 2.0883
2009/09/16, 2.0591
2009/09/17, 2.0708
2009/09/18, 2.0708
2009/09/21, 2.083
2009/09/22, 2.0484
2009/09/23, 2.0368
2009/09/24, 2.0391
2009/09/25, 2.0462
2009/09/28, 2.0548
2009/09/29, 2.0361
2009/09/30, 2.0287
2009/10/01, 2.0141
2009/10/02, 2.0358
2009/10/05, 2.0255
2009/10/06, 2.0037
2009/10/07, 2.0025
2009/10/08, 1.9954
2009/10/09, 2.0016
2009/10/12, 2.0106
2009/10/13, 2.0118
2009/10/14, 2.0212
2009/10/15, 2.0027
2009/10/16, 2.0138
2009/10/19, 2.0001
2009/10/20, 1.9835
2009/10/21, 1.9862
2009/10/22, 1.9872
2009/10/23, 1.9872
2009/10/26, 1.9935
2009/10/27, 1.9897
2009/10/28, 2.0125
2009/10/29, 2.0305
2009/10/30, 2.0346
2009/11/02, 2.0512
2009/11/03, 2.0521
2009/11/04, 2.0413
2009/11/05, 2.0606
2009/11/06, 2.0552
2009/11/09, 2.0271
2009/11/10, 2.0224
2009/11/11, 2.0278
2009/11/12, 2.0287
2009/11/13, 2.0172
2009/11/16, 2.0102
2009/11/17, 1.994
2009/11/18, 1.9959
2009/11/19, 2.0364
2009/11/20, 2.053
2009/11/23, 2.0436
2009/11/24, 2.0541
2009/11/25, 2.0652
2009/11/26, 2.0987
2009/11/27, 2.1087
2009/11/30, 2.1019
2009/12/01, 2.0769
2009/12/02, 2.0742
2009/12/03, 2.0881
2009/12/04, 2.0776
2009/12/07, 2.0828
2009/12/08, 2.0785
2009/12/09, 2.0709
2009/12/10, 2.0236
2009/12/11, 2.0274
2009/12/14, 2.0197
2009/12/15, 2.0183
2009/12/16, 2.0221
2009/12/17, 2.0194
2009/12/18, 2.0227
2009/12/21, 2.0237
2009/12/22, 2.0294
2009/12/23, 2.0345
2009/12/24, 2.0391
2009/12/28, 2.0312
2009/12/29, 2.0057
2009/12/30, 1.9969
2009/12/31, 1.9803
2010/01/04, 1.9764
2010/01/05, 1.9608
2010/01/06, 1.957
2010/01/07, 1.9536
2010/01/08, 1.9566
2010/01/11, 1.9594
2010/01/12, 1.9573
2010/01/13, 1.9632
2010/01/14, 1.9531
2010/01/15, 1.9497
2010/01/18, 1.9456
2010/01/19, 1.944
2010/01/20, 1.9587
2010/01/21, 1.959
2010/01/22, 1.9892
2010/01/25, 1.9829
2010/01/26, 1.9932
2010/01/27, 1.9866
2010/01/28, 1.9695
2010/01/29, 1.9771
2010/02/01, 1.9774
2010/02/02, 1.9706
2010/02/03, 1.966
2010/02/04, 1.9879
2010/02/05, 1.9862
2010/02/08, 1.9914
2010/02/09, 1.9877
2010/02/10, 1.9827
2010/02/11, 1.9633
2010/02/12, 1.956
2010/02/15, 1.951
2010/02/16, 1.9419
2010/02/17, 1.9398
2010/02/18, 1.9358
2010/02/19, 1.9477
2010/02/22, 1.9382
2010/02/23, 1.9383
2010/02/24, 1.9588
2010/02/25, 1.9539
2010/02/26, 1.9549
2010/03/01, 1.9442
2010/03/02, 1.9442
2010/03/03, 1.9767
2010/03/04, 1.9826
2010/03/05, 1.9708
2010/03/08, 1.9457
2010/03/09, 1.9432
2010/03/10, 1.9262
2010/03/11, 1.9491
2010/03/12, 1.9578
2010/03/15, 1.9567
2010/03/16, 1.9477
2010/03/17, 1.9226
2010/03/18, 1.9066
2010/03/19, 1.9045
2010/03/22, 1.9205
2010/03/23, 1.9174
2010/03/24, 1.903
2010/03/25, 1.8817
2010/03/26, 1.8975
2010/03/29, 1.8991
2010/03/30, 1.8925
2010/03/31, 1.9024
2010/04/01, 1.9129
2010/04/06, 1.9195
2010/04/07, 1.8915
2010/04/08, 1.8935
2010/04/09, 1.8798
2010/04/12, 1.9073
2010/04/13, 1.906
2010/04/14, 1.9089
2010/04/15, 1.8972
2010/04/16, 1.8973
2010/04/19, 1.8965
2010/04/20, 1.8961
2010/04/21, 1.8811
2010/04/22, 1.8759
2010/04/23, 1.8702
2010/04/26, 1.8417
2010/04/27, 1.8454
2010/04/28, 1.8475
2010/04/29, 1.8339
2010/04/30, 1.8254
2010/05/03, 1.814
2010/05/04, 1.8045
2010/05/05, 1.8014
2010/05/06, 1.7544
2010/05/07, 1.7867
2010/05/10, 1.7848
2010/05/11, 1.7725
2010/05/12, 1.7648
2010/05/13, 1.754
2010/05/14, 1.7572
2010/05/17, 1.7619
2010/05/18, 1.7707
2010/05/19, 1.8111
2010/05/20, 1.8412
2010/05/21, 1.8655
2010/05/24, 1.8429
2010/05/25, 1.8474
2010/05/26, 1.8321
2010/05/27, 1.8252
2010/05/28, 1.8165
2010/05/31, 1.812
2010/06/01, 1.8056
2010/06/02, 1.8058
2010/06/03, 1.7896
2010/06/04, 1.7737
2010/06/07, 1.7917
2010/06/08, 1.8039
2010/06/09, 1.7951
2010/06/10, 1.7686
2010/06/11, 1.7621
2010/06/14, 1.7588
2010/06/15, 1.7668
2010/06/16, 1.7651
2010/06/17, 1.7627
2010/06/18, 1.7588
2010/06/21, 1.7349
2010/06/22, 1.7364
2010/06/23, 1.7276
2010/06/24, 1.7425
2010/06/25, 1.7422
2010/06/28, 1.7407
2010/06/29, 1.7579
2010/06/30, 1.7761
2010/07/01, 1.8062
2010/07/02, 1.8056
2010/07/05, 1.8181
2010/07/06, 1.8112
2010/07/07, 1.816
2010/07/08, 1.7893
2010/07/09, 1.7854
2010/07/12, 1.7727
2010/07/13, 1.7641
2010/07/14, 1.7697
2010/07/15, 1.7703
2010/07/16, 1.8146
2010/07/19, 1.8358
2010/07/20, 1.8122
2010/07/21, 1.7831
2010/07/22, 1.7835
2010/07/23, 1.7741
2010/07/26, 1.7756
2010/07/27, 1.7662
2010/07/28, 1.7801
2010/07/29, 1.7996
2010/07/30, 1.8013
2010/08/02, 1.784
2010/08/03, 1.803
2010/08/04, 1.8025
2010/08/05, 1.8149
2010/08/06, 1.8031
2010/08/09, 1.817
2010/08/10, 1.8288
2010/08/11, 1.8074
2010/08/12, 1.806
2010/08/13, 1.805
2010/08/16, 1.8235
2010/08/17, 1.8122
2010/08/18, 1.794
2010/08/19, 1.8047
2010/08/20, 1.8076
2010/08/23, 1.7897
2010/08/24, 1.7982
2010/08/25, 1.8101
2010/08/26, 1.806
2010/08/27, 1.802
2010/08/30, 1.7903
2010/08/31, 1.8187
2010/09/01, 1.8112
2010/09/02, 1.7898
2010/09/03, 1.79
2010/09/06, 1.7783
2010/09/07, 1.7663
2010/09/08, 1.7626
2010/09/09, 1.7516
2010/09/10, 1.7446
2010/09/13, 1.749
2010/09/14, 1.7615
2010/09/15, 1.7753
2010/09/16, 1.8057
2010/09/17, 1.794
2010/09/20, 1.7937
2010/09/21, 1.7985
2010/09/22, 1.8122
2010/09/23, 1.8313
2010/09/24, 1.8351
2010/09/27, 1.8344
2010/09/28, 1.8337
2010/09/29, 1.8388
2010/09/30, 1.8436
2010/10/01, 1.855
2010/10/04, 1.8456
2010/10/05, 1.8515
2010/10/06, 1.8423
2010/10/07, 1.8445
2010/10/08, 1.8598
2010/10/11, 1.8523
2010/10/12, 1.8334
2010/10/13, 1.8407
2010/10/14, 1.8538
2010/10/15, 1.8565
2010/10/18, 1.8442
2010/10/19, 1.8491
2010/10/20, 1.8489
2010/10/21, 1.8637
2010/10/22, 1.8636
2010/10/25, 1.8623
2010/10/26, 1.8549
2010/10/27, 1.85
2010/10/28, 1.8459
2010/10/29, 1.828
2010/11/01, 1.813
2010/11/02, 1.8154
2010/11/03, 1.8093
2010/11/04, 1.7889
2010/11/05, 1.7747
2010/11/08, 1.768
2010/11/09, 1.7681
2010/11/10, 1.768
2010/11/11, 1.7495
2010/11/12, 1.7653
2010/11/15, 1.7601
2010/11/16, 1.7655
2010/11/17, 1.7569
2010/11/18, 1.7577
2010/11/19, 1.762
2010/11/22, 1.7669
2010/11/23, 1.7626
2010/11/24, 1.7546
2010/11/25, 1.7547
2010/11/26, 1.7653
2010/11/29, 1.764
2010/11/30, 1.7557
2010/12/01, 1.7589
2010/12/02, 1.7553
2010/12/03, 1.7519
2010/12/06, 1.7469
2010/12/07, 1.745
2010/12/08, 1.763
2010/12/09, 1.771
2010/12/10, 1.7628
2010/12/13, 1.763
2010/12/14, 1.7788
2010/12/15, 1.7861
2010/12/16, 1.7921
2010/12/17, 1.7976
2010/12/20, 1.7718
2010/12/21, 1.7666
2010/12/22, 1.765
2010/12/23, 1.7531
2010/12/24, 1.7508
2010/12/27, 1.7569
2010/12/28, 1.745
2010/12/29, 1.7272
2010/12/30, 1.7207
2010/12/31, 1.72
2011/01/03, 1.7183
2011/01/04, 1.7483
2011/01/05, 1.7281
2011/01/06, 1.7269
2011/01/07, 1.7112
2011/01/10, 1.7011
2011/01/11, 1.7064
2011/01/12, 1.7113
2011/01/13, 1.7153
2011/01/14, 1.7396
2011/01/17, 1.7189
2011/01/18, 1.7326
2011/01/19, 1.7377
2011/01/20, 1.7684
2011/01/21, 1.7844
2011/01/24, 1.7871
2011/01/25, 1.781
2011/01/26, 1.7834
2011/01/27, 1.7738
2011/01/28, 1.7643
2011/01/31, 1.7763
2011/02/01, 1.7671
2011/02/02, 1.7657
2011/02/03, 1.7821
2011/02/04, 1.7685
2011/02/07, 1.7582
2011/02/08, 1.7587
2011/02/09, 1.7687
2011/02/10, 1.7737
2011/02/11, 1.7869
2011/02/14, 1.7797
2011/02/15, 1.7925
2011/02/16, 1.7931
2011/02/17, 1.7951
2011/02/18, 1.7891
2011/02/21, 1.7899
2011/02/22, 1.8243
2011/02/23, 1.8394
2011/02/24, 1.845
2011/02/25, 1.8337
2011/02/28, 1.839
2011/03/01, 1.8397
2011/03/02, 1.8634
2011/03/03, 1.8581
2011/03/04, 1.8965
2011/03/07, 1.8985
2011/03/08, 1.8793
2011/03/09, 1.8808
2011/03/10, 1.8795
2011/03/11, 1.8678
2011/03/14, 1.8918
2011/03/15, 1.9086
2011/03/16, 1.8991
2011/03/17, 1.9391
2011/03/18, 1.9434
2011/03/21, 1.9286
2011/03/22, 1.912
2011/03/23, 1.9096
2011/03/24, 1.8893
2011/03/25, 1.8749
2011/03/28, 1.8707
2011/03/29, 1.8731
2011/03/30, 1.8544
2011/03/31, 1.8598
2011/04/01, 1.8518
2011/04/04, 1.8524
2011/04/05, 1.8412
2011/04/06, 1.8455
2011/04/07, 1.8345
2011/04/08, 1.8446
2011/04/11, 1.8446
2011/04/12, 1.8409
2011/04/13, 1.836
2011/04/14, 1.8238
2011/04/15, 1.8152
2011/04/18, 1.813
2011/04/19, 1.8154
2011/04/20, 1.8206
2011/04/21, 1.82
2011/04/26, 1.8169
2011/04/27, 1.8212
2011/04/28, 1.8495
2011/04/29, 1.8414
2011/05/02, 1.8366
2011/05/03, 1.8468
2011/05/04, 1.878
2011/05/05, 1.8837
2011/05/06, 1.8424
2011/05/09, 1.8179
2011/05/10, 1.8104
2011/05/11, 1.8074
2011/05/12, 1.7977
2011/05/13, 1.7997
2011/05/16, 1.8158
2011/05/17, 1.8157
2011/05/18, 1.8079
2011/05/19, 1.8071
2011/05/20, 1.7907
2011/05/23, 1.7761
2011/05/24, 1.7608
2011/05/25, 1.7672
2011/05/26, 1.7496
2011/05/27, 1.7479
2011/05/30, 1.7454
2011/05/31, 1.7489
2011/06/01, 1.7502
2011/06/02, 1.774
2011/06/03, 1.786
2011/06/06, 1.79
2011/06/07, 1.7838
2011/06/08, 1.7922
2011/06/09, 1.7685
2011/06/10, 1.7531
2011/06/13, 1.7675
2011/06/14, 1.7663
2011/06/15, 1.7574
2011/06/16, 1.7652
2011/06/17, 1.765
2011/06/20, 1.7662
2011/06/21, 1.7694
2011/06/22, 1.764
2011/06/23, 1.7507
2011/06/24, 1.7482
2011/06/27, 1.7677
2011/06/28, 1.7762
2011/06/29, 1.7559
2011/06/30, 1.7468
2011/07/01, 1.7552
