1999/01/04, 9.4696
1999/01/05, 9.4025
1999/01/06, 9.305
1999/01/07, 9.18
1999/01/08, 9.165
1999/01/11, 9.0985
1999/01/12, 9.0955
1999/01/13, 9.14
1999/01/14, 9.135
1999/01/15, 9.157
1999/01/18, 9.093
1999/01/19, 9.0045
1999/01/20, 8.9645
1999/01/21, 8.943
1999/01/22, 9.011
1999/01/25, 8.94
1999/01/26, 8.921
1999/01/27, 8.882
1999/01/28, 8.865
1999/01/29, 8.88
1999/02/01, 8.86
1999/02/02, 8.8775
1999/02/03, 8.915
1999/02/04, 8.899
1999/02/05, 8.872
1999/02/08, 8.857
1999/02/09, 8.907
1999/02/10, 8.933
1999/02/11, 8.919
1999/02/12, 8.9305
1999/02/15, 8.8815
1999/02/16, 8.853
1999/02/17, 8.907
1999/02/18, 8.9275
1999/02/19, 8.911
1999/02/22, 8.9075
1999/02/23, 8.9085
1999/02/24, 8.9115
1999/02/25, 8.974
1999/02/26, 9.0025
1999/03/01, 9.0005
1999/03/02, 8.985
1999/03/03, 8.99
1999/03/04, 8.96
1999/03/05, 8.9355
1999/03/08, 8.948
1999/03/09, 8.938
1999/03/10, 8.8925
1999/03/11, 8.831
1999/03/12, 8.8615
1999/03/15, 8.8785
1999/03/16, 8.969
1999/03/17, 8.978
1999/03/18, 8.938
1999/03/19, 8.937
1999/03/22, 8.9325
1999/03/23, 8.932
1999/03/24, 8.9695
1999/03/25, 9.007
1999/03/26, 8.95
1999/03/29, 8.955
1999/03/30, 8.9525
1999/03/31, 8.887
1999/04/01, 8.889
1999/04/02, 8.8811
1999/04/05, 8.8846
1999/04/06, 8.8705
1999/04/07, 8.929
1999/04/08, 8.964
1999/04/09, 8.944
1999/04/12, 9.02
1999/04/13, 8.9575
1999/04/14, 8.938
1999/04/15, 8.929
1999/04/16, 8.8825
1999/04/19, 8.883
1999/04/20, 8.899
1999/04/21, 8.905
1999/04/22, 8.909
1999/04/23, 8.8945
1999/04/26, 8.8945
1999/04/27, 8.903
1999/04/28, 8.913
1999/04/29, 8.911
1999/04/30, 8.9075
1999/05/03, 8.9185
1999/05/04, 8.9485
1999/05/05, 8.9845
1999/05/06, 9.005
1999/05/07, 8.9575
1999/05/10, 8.9445
1999/05/11, 8.942
1999/05/12, 8.944
1999/05/13, 8.9634
1999/05/14, 8.949
1999/05/17, 8.9775
1999/05/18, 9.003
1999/05/19, 9.028
1999/05/20, 8.9965
1999/05/21, 8.962
1999/05/24, 8.9754
1999/05/25, 8.9895
1999/05/26, 8.987
1999/05/27, 8.978
1999/05/28, 8.995
1999/05/31, 8.968
1999/06/01, 8.9675
1999/06/02, 8.983
1999/06/03, 8.934
1999/06/04, 8.9115
1999/06/07, 8.8965
1999/06/08, 8.9035
1999/06/09, 8.9285
1999/06/10, 8.902
1999/06/11, 8.8785
1999/06/14, 8.853
1999/06/15, 8.863
1999/06/16, 8.81
1999/06/17, 8.7945
1999/06/18, 8.7485
1999/06/21, 8.7295
1999/06/22, 8.6655
1999/06/23, 8.7165
1999/06/24, 8.7315
1999/06/25, 8.7572
1999/06/28, 8.7545
1999/06/29, 8.7485
1999/06/30, 8.747
1999/07/01, 8.7215
1999/07/02, 8.7005
1999/07/05, 8.7015
1999/07/06, 8.7015
1999/07/07, 8.695
1999/07/08, 8.6905
1999/07/09, 8.7075
1999/07/12, 8.717
1999/07/13, 8.7315
1999/07/14, 8.75
1999/07/15, 8.7775
1999/07/16, 8.737
1999/07/19, 8.7135
1999/07/20, 8.7175
1999/07/21, 8.764
1999/07/22, 8.7795
1999/07/23, 8.775
1999/07/26, 8.82
1999/07/27, 8.8055
1999/07/28, 8.814
1999/07/29, 8.788
1999/07/30, 8.7735
1999/08/02, 8.7575
1999/08/03, 8.749
1999/08/04, 8.7555
1999/08/05, 8.777
1999/08/06, 8.796
1999/08/09, 8.782
1999/08/10, 8.811
1999/08/11, 8.797
1999/08/12, 8.7735
1999/08/13, 8.7925
1999/08/16, 8.7675
1999/08/17, 8.737
1999/08/18, 8.742
1999/08/19, 8.7485
1999/08/20, 8.777
1999/08/23, 8.761
1999/08/24, 8.7215
1999/08/25, 8.683
1999/08/26, 8.713
1999/08/27, 8.693
1999/08/30, 8.7155
1999/08/31, 8.691
1999/09/01, 8.701
1999/09/02, 8.699
1999/09/03, 8.7165
1999/09/06, 8.656
1999/09/07, 8.63
1999/09/08, 8.617
1999/09/09, 8.6125
1999/09/10, 8.6075
1999/09/13, 8.5815
1999/09/14, 8.596
1999/09/15, 8.6245
1999/09/16, 8.638
1999/09/17, 8.622
1999/09/20, 8.5785
1999/09/21, 8.577
1999/09/22, 8.628
1999/09/23, 8.5935
1999/09/24, 8.6215
1999/09/27, 8.6155
1999/09/28, 8.627
1999/09/29, 8.6755
1999/09/30, 8.7235
1999/10/01, 8.7425
1999/10/04, 8.757
1999/10/05, 8.6855
1999/10/06, 8.718
1999/10/07, 8.727
1999/10/08, 8.696
1999/10/11, 8.671
1999/10/12, 8.687
1999/10/13, 8.7225
1999/10/14, 8.745
1999/10/15, 8.779
1999/10/18, 8.8645
1999/10/19, 8.83
1999/10/20, 8.7945
1999/10/21, 8.805
1999/10/22, 8.7405
1999/10/25, 8.6925
1999/10/26, 8.6815
1999/10/27, 8.638
1999/10/28, 8.635
1999/10/29, 8.66
1999/11/01, 8.6795
1999/11/02, 8.6705
1999/11/03, 8.6625
1999/11/04, 8.7215
1999/11/05, 8.6725
1999/11/08, 8.6705
1999/11/09, 8.6595
1999/11/10, 8.6575
1999/11/11, 8.6475
1999/11/12, 8.635
1999/11/15, 8.6165
1999/11/16, 8.643
1999/11/17, 8.669
1999/11/18, 8.625
1999/11/19, 8.602
1999/11/22, 8.613
1999/11/23, 8.5975
1999/11/24, 8.593
1999/11/25, 8.587
1999/11/26, 8.567
1999/11/29, 8.58
1999/11/30, 8.556
1999/12/01, 8.606
1999/12/02, 8.6185
1999/12/03, 8.608
1999/12/06, 8.6055
1999/12/07, 8.6175
1999/12/08, 8.573
1999/12/09, 8.57
1999/12/10, 8.5775
1999/12/13, 8.571
1999/12/14, 8.587
1999/12/15, 8.6085
1999/12/16, 8.6125
1999/12/17, 8.596
1999/12/20, 8.588
1999/12/21, 8.599
1999/12/22, 8.568
1999/12/23, 8.55
1999/12/24, 8.5754
1999/12/27, 8.57
1999/12/28, 8.575
1999/12/29, 8.564
1999/12/30, 8.5625
2000/01/03, 8.552
2000/01/04, 8.6215
2000/01/05, 8.6415
2000/01/06, 8.6445
2000/01/07, 8.645
2000/01/10, 8.657
2000/01/11, 8.662
2000/01/12, 8.6725
2000/01/13, 8.6475
2000/01/14, 8.623
2000/01/17, 8.564
2000/01/18, 8.5705
2000/01/19, 8.5835
2000/01/20, 8.591
2000/01/21, 8.5865
2000/01/24, 8.559
2000/01/25, 8.5125
2000/01/26, 8.5395
2000/01/27, 8.5355
2000/01/28, 8.524
2000/01/31, 8.6
2000/02/01, 8.586
2000/02/02, 8.518
2000/02/03, 8.4845
2000/02/04, 8.4715
2000/02/07, 8.463
2000/02/08, 8.475
2000/02/09, 8.4955
2000/02/10, 8.48
2000/02/11, 8.4425
2000/02/14, 8.485
2000/02/15, 8.494
2000/02/16, 8.547
2000/02/17, 8.577
2000/02/18, 8.5375
2000/02/21, 8.572
2000/02/22, 8.5855
2000/02/23, 8.5935
2000/02/24, 8.557
2000/02/25, 8.5255
2000/02/28, 8.417
2000/02/29, 8.432
2000/03/01, 8.425
2000/03/02, 8.4415
2000/03/03, 8.47
2000/03/06, 8.4425
2000/03/07, 8.4345
2000/03/08, 8.431
2000/03/09, 8.448
2000/03/10, 8.4415
2000/03/13, 8.421
2000/03/14, 8.398
2000/03/15, 8.415
2000/03/16, 8.4325
2000/03/17, 8.417
2000/03/20, 8.4225
2000/03/21, 8.3925
2000/03/22, 8.364
2000/03/23, 8.3725
2000/03/24, 8.375
2000/03/27, 8.34
2000/03/28, 8.271
2000/03/29, 8.2455
2000/03/30, 8.25
2000/03/31, 8.2825
2000/04/03, 8.295
2000/04/04, 8.3005
2000/04/05, 8.329
2000/04/06, 8.3015
2000/04/07, 8.2728
2000/04/10, 8.277
2000/04/11, 8.268
2000/04/12, 8.2915
2000/04/13, 8.2895
2000/04/14, 8.2965
2000/04/17, 8.3295
2000/04/18, 8.297
2000/04/19, 8.263
2000/04/20, 8.2442
2000/04/25, 8.243
2000/04/26, 8.1825
2000/04/27, 8.188
2000/04/28, 8.14
2000/05/02, 8.1435
2000/05/03, 8.055
2000/05/04, 8.117
2000/05/05, 8.1465
2000/05/08, 8.1415
2000/05/09, 8.1645
2000/05/10, 8.2055
2000/05/11, 8.23
2000/05/12, 8.2375
2000/05/15, 8.27
2000/05/16, 8.251
2000/05/17, 8.18
2000/05/18, 8.187
2000/05/19, 8.1585
2000/05/22, 8.302
2000/05/23, 8.3195
2000/05/24, 8.332
2000/05/25, 8.3075
2000/05/26, 8.354
2000/05/29, 8.404
2000/05/30, 8.412
2000/05/31, 8.3845
2000/06/01, 8.356
2000/06/02, 8.3615
2000/06/05, 8.328
2000/06/06, 8.339
2000/06/07, 8.3325
2000/06/08, 8.357
2000/06/09, 8.3515
2000/06/12, 8.317
2000/06/13, 8.2895
2000/06/14, 8.2185
2000/06/15, 8.236
2000/06/16, 8.28
2000/06/19, 8.3065
2000/06/20, 8.249
2000/06/21, 8.254
2000/06/22, 8.2705
2000/06/23, 8.2765
2000/06/26, 8.284
2000/06/27, 8.3715
2000/06/28, 8.386
2000/06/29, 8.404
2000/06/30, 8.421
2000/07/03, 8.3885
2000/07/04, 8.3835
2000/07/05, 8.408
2000/07/06, 8.44
2000/07/07, 8.431
2000/07/10, 8.446
2000/07/11, 8.421
2000/07/12, 8.392
2000/07/13, 8.3485
2000/07/14, 8.3485
2000/07/17, 8.3585
2000/07/18, 8.387
2000/07/19, 8.399
2000/07/20, 8.409
2000/07/21, 8.388
2000/07/24, 8.422
2000/07/25, 8.388
2000/07/26, 8.394
2000/07/27, 8.4415
2000/07/28, 8.4585
2000/07/31, 8.495
2000/08/01, 8.474
2000/08/02, 8.4575
2000/08/03, 8.439
2000/08/04, 8.411
2000/08/07, 8.3725
2000/08/08, 8.3535
2000/08/09, 8.3125
2000/08/10, 8.3295
2000/08/11, 8.363
2000/08/14, 8.3065
2000/08/15, 8.3455
2000/08/16, 8.3915
2000/08/17, 8.428
2000/08/18, 8.3955
2000/08/21, 8.412
2000/08/22, 8.383
2000/08/23, 8.356
2000/08/24, 8.364
2000/08/25, 8.38
2000/08/28, 8.428
2000/08/29, 8.4545
2000/08/30, 8.4355
2000/08/31, 8.416
2000/09/01, 8.3795
2000/09/04, 8.395
2000/09/05, 8.3775
2000/09/06, 8.411
2000/09/07, 8.35
2000/09/08, 8.3655
2000/09/11, 8.378
2000/09/12, 8.388
2000/09/13, 8.417
2000/09/14, 8.4145
2000/09/15, 8.3915
2000/09/18, 8.393
2000/09/19, 8.378
2000/09/20, 8.3725
2000/09/21, 8.384
2000/09/22, 8.428
2000/09/25, 8.453
2000/09/26, 8.4693
2000/09/27, 8.509
2000/09/28, 8.5245
2000/09/29, 8.5265
2000/10/02, 8.527
2000/10/03, 8.535
2000/10/04, 8.5723
2000/10/05, 8.565
2000/10/06, 8.5283
2000/10/09, 8.5545
2000/10/10, 8.5925
2000/10/11, 8.6185
2000/10/12, 8.573
2000/10/13, 8.5303
2000/10/16, 8.525
2000/10/17, 8.5045
2000/10/18, 8.535
2000/10/19, 8.505
2000/10/20, 8.535
2000/10/23, 8.4904
2000/10/24, 8.4507
2000/10/25, 8.4602
2000/10/26, 8.4888
2000/10/27, 8.4735
2000/10/30, 8.4898
2000/10/31, 8.4843
2000/11/01, 8.474
2000/11/02, 8.521
2000/11/03, 8.5408
2000/11/06, 8.5668
2000/11/07, 8.595
2000/11/08, 8.5845
2000/11/09, 8.57
2000/11/10, 8.5978
2000/11/13, 8.6168
2000/11/14, 8.6548
2000/11/15, 8.6443
2000/11/16, 8.65
2000/11/17, 8.67
2000/11/20, 8.6485
2000/11/21, 8.698
2000/11/22, 8.67
2000/11/23, 8.6545
2000/11/24, 8.6883
2000/11/27, 8.6914
2000/11/28, 8.7012
2000/11/29, 8.683
2000/11/30, 8.715
2000/12/01, 8.6825
2000/12/04, 8.63
2000/12/05, 8.5805
2000/12/06, 8.566
2000/12/07, 8.6275
2000/12/08, 8.621
2000/12/11, 8.5513
2000/12/12, 8.5003
2000/12/13, 8.5538
2000/12/14, 8.575
2000/12/15, 8.582
2000/12/18, 8.641
2000/12/19, 8.698
2000/12/20, 8.7025
2000/12/21, 8.7275
2000/12/22, 8.8089
2000/12/27, 8.86
2000/12/28, 8.8428
2000/12/29, 8.8313
2001/01/02, 8.888
2001/01/03, 8.9467
2001/01/04, 8.9153
2001/01/05, 8.932
2001/01/08, 8.9286
2001/01/09, 8.95
2001/01/10, 8.9233
2001/01/11, 8.8875
2001/01/12, 8.857
2001/01/15, 8.8695
2001/01/16, 8.9295
2001/01/17, 8.932
2001/01/18, 8.927
2001/01/19, 8.887
2001/01/22, 8.9325
2001/01/23, 8.959
2001/01/24, 8.91
2001/01/25, 8.9
2001/01/26, 8.9068
2001/01/29, 8.86
2001/01/30, 8.8408
2001/01/31, 8.8395
2001/02/01, 8.8968
2001/02/02, 8.914
2001/02/05, 8.9363
2001/02/06, 8.9165
2001/02/07, 8.9125
2001/02/08, 8.8795
2001/02/09, 8.9115
2001/02/12, 8.949
2001/02/13, 8.993
2001/02/14, 9.0355
2001/02/15, 9.018
2001/02/16, 8.9615
2001/02/19, 8.993
2001/02/20, 8.9645
2001/02/21, 9.005
2001/02/22, 9.0528
2001/02/23, 9.0818
2001/02/26, 9.023
2001/02/27, 9.036
2001/02/28, 9.0588
2001/03/01, 9.0477
2001/03/02, 9.041
2001/03/05, 9.0663
2001/03/06, 9.0347
2001/03/07, 9.054
2001/03/08, 9.0513
2001/03/09, 9.086
2001/03/12, 9.1128
2001/03/13, 9.176
2001/03/14, 9.1797
2001/03/15, 9.147
2001/03/16, 9.145
2001/03/19, 9.1373
2001/03/20, 9.144
2001/03/21, 9.1875
2001/03/22, 9.2393
2001/03/23, 9.1833
2001/03/26, 9.138
2001/03/27, 9.121
2001/03/28, 9.1378
2001/03/29, 9.1935
2001/03/30, 9.157
2001/04/02, 9.147
2001/04/03, 9.169
2001/04/04, 9.227
2001/04/05, 9.191
2001/04/06, 9.1405
2001/04/09, 9.0969
2001/04/10, 9.069
2001/04/11, 9.0125
2001/04/12, 9.001
2001/04/17, 9.055
2001/04/18, 9.0455
2001/04/19, 9.022
2001/04/20, 9.095
2001/04/23, 9.1345
2001/04/24, 9.166
2001/04/25, 9.166
2001/04/26, 9.1572
2001/04/27, 9.1195
2001/04/30, 9.1135
2001/05/02, 9.1478
2001/05/03, 9.118
2001/05/04, 9.1353
2001/05/07, 9.1089
2001/05/08, 9.1069
2001/05/09, 9.116
2001/05/10, 9.0725
2001/05/11, 8.9695
2001/05/14, 9.0025
2001/05/15, 8.9995
2001/05/16, 9.0712
2001/05/17, 9.0317
2001/05/18, 9.012
2001/05/21, 8.98
2001/05/22, 8.9725
2001/05/23, 9.0515
2001/05/24, 9.0195
2001/05/25, 9.0525
2001/05/28, 9.0595
2001/05/29, 9.035
2001/05/30, 9.08
2001/05/31, 9.125
2001/06/01, 9.1725
2001/06/04, 9.24
2001/06/05, 9.2412
2001/06/06, 9.2275
2001/06/07, 9.3182
2001/06/08, 9.3229
2001/06/11, 9.311
2001/06/12, 9.32
2001/06/13, 9.2605
2001/06/14, 9.2511
2001/06/15, 9.16
2001/06/18, 9.1
2001/06/19, 9.0719
2001/06/20, 9.1139
2001/06/21, 9.1475
2001/06/22, 9.151
2001/06/25, 9.1495
2001/06/26, 9.2192
2001/06/27, 9.24
2001/06/28, 9.1925
2001/06/29, 9.2125
2001/07/02, 9.2326
2001/07/03, 9.2416
2001/07/04, 9.2032
2001/07/05, 9.222
2001/07/06, 9.2575
2001/07/09, 9.3005
2001/07/10, 9.2882
2001/07/11, 9.3164
2001/07/12, 9.262
2001/07/13, 9.232
2001/07/16, 9.2107
2001/07/17, 9.2152
2001/07/18, 9.2314
2001/07/19, 9.2565
2001/07/20, 9.2631
2001/07/23, 9.2907
2001/07/24, 9.3118
2001/07/25, 9.3472
2001/07/26, 9.3009
2001/07/27, 9.2825
2001/07/30, 9.256
2001/07/31, 9.2785
2001/08/01, 9.3092
2001/08/02, 9.229
2001/08/03, 9.1721
2001/08/06, 9.1637
2001/08/07, 9.1885
2001/08/08, 9.1509
2001/08/09, 9.1734
2001/08/10, 9.1795
2001/08/13, 9.2049
2001/08/14, 9.211
2001/08/15, 9.2593
2001/08/16, 9.2581
2001/08/17, 9.335
2001/08/20, 9.4235
2001/08/21, 9.431
2001/08/22, 9.4707
2001/08/23, 9.424
2001/08/24, 9.3873
2001/08/27, 9.3829
2001/08/28, 9.366
2001/08/29, 9.425
2001/08/30, 9.4669
2001/08/31, 9.5345
2001/09/03, 9.5099
2001/09/04, 9.5517
2001/09/05, 9.5165
2001/09/06, 9.452
2001/09/07, 9.495
2001/09/10, 9.5406
2001/09/11, 9.4974
2001/09/12, 9.5769
2001/09/13, 9.5832
2001/09/14, 9.5911
2001/09/17, 9.7095
2001/09/18, 9.7209
2001/09/19, 9.7215
2001/09/20, 9.7783
2001/09/21, 9.9631
2001/09/24, 9.9185
2001/09/25, 9.8338
2001/09/26, 9.92
2001/09/27, 9.8752
2001/09/28, 9.7321
2001/10/01, 9.7331
2001/10/02, 9.7785
2001/10/03, 9.7392
2001/10/04, 9.6897
2001/10/05, 9.7341
2001/10/08, 9.7397
2001/10/09, 9.6785
2001/10/10, 9.6509
2001/10/11, 9.5635
2001/10/12, 9.521
2001/10/15, 9.5033
2001/10/16, 9.4865
2001/10/17, 9.4515
2001/10/18, 9.4936
2001/10/19, 9.4715
2001/10/22, 9.5069
2001/10/23, 9.5085
2001/10/24, 9.4942
2001/10/25, 9.4482
2001/10/26, 9.4315
2001/10/29, 9.4742
2001/10/30, 9.5832
2001/10/31, 9.6122
2001/11/01, 9.585
2001/11/02, 9.5336
2001/11/05, 9.5117
2001/11/06, 9.48
2001/11/07, 9.474
2001/11/08, 9.38
2001/11/09, 9.4244
2001/11/12, 9.4107
2001/11/13, 9.3595
2001/11/14, 9.334
2001/11/15, 9.3345
2001/11/16, 9.377
2001/11/19, 9.3665
2001/11/20, 9.366
2001/11/21, 9.4082
2001/11/22, 9.3868
2001/11/23, 9.3611
2001/11/26, 9.3641
2001/11/27, 9.3412
2001/11/28, 9.4084
2001/11/29, 9.468
2001/11/30, 9.491
2001/12/03, 9.5736
2001/12/04, 9.4739
2001/12/05, 9.4457
2001/12/06, 9.3619
2001/12/07, 9.3573
2001/12/10, 9.3443
2001/12/11, 9.3669
2001/12/12, 9.3833
2001/12/13, 9.3588
2001/12/14, 9.4642
2001/12/17, 9.4817
2001/12/18, 9.4648
2001/12/19, 9.5029
2001/12/20, 9.512
2001/12/21, 9.5065
2001/12/24, 9.505
2001/12/27, 9.4413
2001/12/28, 9.3012
2002/01/02, 9.2825
2002/01/03, 9.2337
2002/01/04, 9.2353
2002/01/07, 9.211
2002/01/08, 9.2353
2002/01/09, 9.246
2002/01/10, 9.1795
2002/01/11, 9.1505
2002/01/14, 9.2021
2002/01/15, 9.2287
2002/01/16, 9.2141
2002/01/17, 9.2802
2002/01/18, 9.2458
2002/01/21, 9.2175
2002/01/22, 9.2422
2002/01/23, 9.2868
2002/01/24, 9.2355
2002/01/25, 9.2463
2002/01/28, 9.2275
2002/01/29, 9.2251
2002/01/30, 9.209
2002/01/31, 9.17
2002/02/01, 9.188
2002/02/04, 9.2148
2002/02/05, 9.2574
2002/02/06, 9.213
2002/02/07, 9.229
2002/02/08, 9.2601
2002/02/11, 9.2598
2002/02/12, 9.25
2002/02/13, 9.2303
2002/02/14, 9.1915
2002/02/15, 9.1788
2002/02/18, 9.1955
2002/02/19, 9.1922
2002/02/20, 9.194
2002/02/21, 9.1314
2002/02/22, 9.1548
2002/02/25, 9.11
2002/02/26, 9.0649
2002/02/27, 9.0779
2002/02/28, 9.0625
2002/03/01, 9.089
2002/03/04, 9.065
2002/03/05, 9.041
2002/03/06, 9.04
2002/03/07, 9.0665
2002/03/08, 9.0675
2002/03/11, 9.084
2002/03/12, 9.0852
2002/03/13, 9.12
2002/03/14, 9.1335
2002/03/15, 9.133
2002/03/18, 9.0771
2002/03/19, 9.0689
2002/03/20, 9.0284
2002/03/21, 9.0139
2002/03/22, 9.0175
2002/03/25, 9.0038
2002/03/26, 9.0015
2002/03/27, 9.0221
2002/03/28, 9.0304
2002/04/02, 9.0231
2002/04/03, 9.0632
2002/04/04, 9.0752
2002/04/05, 9.0311
2002/04/08, 9.0561
2002/04/09, 9.0806
2002/04/10, 9.0922
2002/04/11, 9.0867
2002/04/12, 9.098
2002/04/15, 9.1096
2002/04/16, 9.1453
2002/04/17, 9.1438
2002/04/18, 9.1535
2002/04/19, 9.1671
2002/04/22, 9.208
2002/04/23, 9.1913
2002/04/24, 9.1707
2002/04/25, 9.2307
2002/04/26, 9.231
2002/04/29, 9.24
2002/04/30, 9.254
2002/05/02, 9.2685
2002/05/03, 9.2645
2002/05/06, 9.2753
2002/05/07, 9.3725
2002/05/08, 9.312
2002/05/09, 9.3086
2002/05/10, 9.3055
2002/05/13, 9.343
2002/05/14, 9.2895
2002/05/15, 9.213
2002/05/16, 9.2315
2002/05/17, 9.219
2002/05/20, 9.2125
2002/05/21, 9.1733
2002/05/22, 9.1694
2002/05/23, 9.1273
2002/05/24, 9.1128
2002/05/27, 9.1416
2002/05/28, 9.1392
2002/05/29, 9.1575
2002/05/30, 9.1133
2002/05/31, 9.107
2002/06/03, 9.0748
2002/06/04, 9.1451
2002/06/05, 9.1268
2002/06/06, 9.152
2002/06/07, 9.2247
2002/06/10, 9.2104
2002/06/11, 9.1515
2002/06/12, 9.1678
2002/06/13, 9.1413
2002/06/14, 9.1664
2002/06/17, 9.0785
2002/06/18, 9.0588
2002/06/19, 9.078
2002/06/20, 9.0585
2002/06/21, 9.0445
2002/06/24, 9.0978
2002/06/25, 9.0245
2002/06/26, 9.0965
2002/06/27, 9.0736
2002/06/28, 9.1015
2002/07/01, 9.079
2002/07/02, 9.0441
2002/07/03, 9.1293
2002/07/04, 9.1285
2002/07/05, 9.1253
2002/07/08, 9.1587
2002/07/09, 9.185
2002/07/10, 9.2402
2002/07/11, 9.2757
2002/07/12, 9.228
2002/07/15, 9.24
2002/07/16, 9.304
2002/07/17, 9.3234
2002/07/18, 9.278
2002/07/19, 9.3665
2002/07/22, 9.4794
2002/07/23, 9.4645
2002/07/24, 9.5451
2002/07/25, 9.4182
2002/07/26, 9.4421
2002/07/29, 9.262
2002/07/30, 9.2235
2002/07/31, 9.2445
2002/08/01, 9.3205
2002/08/02, 9.4737
2002/08/05, 9.4471
2002/08/06, 9.3565
2002/08/07, 9.3125
2002/08/08, 9.2955
2002/08/09, 9.312
2002/08/12, 9.282
2002/08/13, 9.259
2002/08/14, 9.2853
2002/08/15, 9.2153
2002/08/16, 9.2356
2002/08/19, 9.2218
2002/08/20, 9.1985
2002/08/21, 9.1671
2002/08/22, 9.152
2002/08/23, 9.1999
2002/08/26, 9.1325
2002/08/27, 9.134
2002/08/28, 9.1425
2002/08/29, 9.1585
2002/08/30, 9.1731
2002/09/02, 9.2303
2002/09/03, 9.2835
2002/09/04, 9.344
2002/09/05, 9.2951
2002/09/06, 9.2255
2002/09/09, 9.2039
2002/09/10, 9.2085
2002/09/11, 9.1675
2002/09/12, 9.1761
2002/09/13, 9.2475
2002/09/16, 9.1035
2002/09/17, 9.0978
2002/09/18, 9.1281
2002/09/19, 9.0955
2002/09/20, 9.0937
2002/09/23, 9.058
2002/09/24, 9.089
2002/09/25, 9.1035
2002/09/26, 9.1176
2002/09/27, 9.106
2002/09/30, 9.1516
2002/10/01, 9.108
2002/10/02, 9.07
2002/10/03, 9.096
2002/10/04, 9.0906
2002/10/07, 9.0918
2002/10/08, 9.1565
2002/10/09, 9.1561
2002/10/10, 9.172
2002/10/11, 9.111
2002/10/14, 9.095
2002/10/15, 9.0695
2002/10/16, 9.0681
2002/10/17, 9.0947
2002/10/18, 9.096
2002/10/21, 9.0678
2002/10/22, 9.109
2002/10/23, 9.14
2002/10/24, 9.135
2002/10/25, 9.1286
2002/10/28, 9.082
2002/10/29, 9.1056
2002/10/30, 9.0834
2002/10/31, 9.09
2002/11/01, 9.0888
2002/11/04, 9.1424
2002/11/05, 9.1423
2002/11/06, 9.1275
2002/11/07, 9.1393
2002/11/08, 9.1215
2002/11/11, 9.097
2002/11/12, 9.0833
2002/11/13, 9.0728
2002/11/14, 9.0973
2002/11/15, 9.0835
2002/11/18, 9.0725
2002/11/19, 9.0723
2002/11/20, 9.078
2002/11/21, 9.0633
2002/11/22, 9.0181
2002/11/25, 9.0117
2002/11/26, 9.0354
2002/11/27, 9.0608
2002/11/28, 9.0654
2002/11/29, 9.0453
2002/12/02, 9.0071
2002/12/03, 9.0365
2002/12/04, 9.0543
2002/12/05, 9.0582
2002/12/06, 9.0525
2002/12/09, 9.0655
2002/12/10, 9.1095
2002/12/11, 9.0695
2002/12/12, 9.107
2002/12/13, 9.1205
2002/12/16, 9.1288
2002/12/17, 9.094
2002/12/18, 9.09
2002/12/19, 9.097
2002/12/20, 9.0975
2002/12/23, 9.138
2002/12/24, 9.1326
2002/12/27, 9.155
2002/12/30, 9.1558
2002/12/31, 9.1528
2003/01/02, 9.127
2003/01/03, 9.106
2003/01/06, 9.0913
2003/01/07, 9.067
2003/01/08, 9.0702
2003/01/09, 9.111
2003/01/10, 9.1385
2003/01/13, 9.1722
2003/01/14, 9.1705
2003/01/15, 9.172
2003/01/16, 9.18
2003/01/17, 9.175
2003/01/20, 9.1968
2003/01/21, 9.1887
2003/01/22, 9.2535
2003/01/23, 9.2458
2003/01/24, 9.2503
2003/01/27, 9.246
2003/01/28, 9.2228
2003/01/29, 9.2135
2003/01/30, 9.187
2003/01/31, 9.2285
2003/02/03, 9.2334
2003/02/04, 9.2427
2003/02/05, 9.2489
2003/02/06, 9.1989
2003/02/07, 9.1617
2003/02/10, 9.1594
2003/02/11, 9.145
2003/02/12, 9.1338
2003/02/13, 9.1065
2003/02/14, 9.1066
2003/02/17, 9.1045
2003/02/18, 9.1215
2003/02/19, 9.1013
2003/02/20, 9.1073
2003/02/21, 9.13
2003/02/24, 9.1248
2003/02/25, 9.118
2003/02/26, 9.0996
2003/02/27, 9.1203
2003/02/28, 9.1458
2003/03/03, 9.193
2003/03/04, 9.1925
2003/03/05, 9.189
2003/03/06, 9.2155
2003/03/07, 9.2395
2003/03/10, 9.2517
2003/03/11, 9.2955
2003/03/12, 9.3133
2003/03/13, 9.2735
2003/03/14, 9.2055
2003/03/17, 9.2223
2003/03/18, 9.2367
2003/03/19, 9.196
2003/03/20, 9.1857
2003/03/21, 9.164
2003/03/24, 9.1875
2003/03/25, 9.238
2003/03/26, 9.217
2003/03/27, 9.2527
2003/03/28, 9.2271
2003/03/31, 9.2608
2003/04/01, 9.2284
2003/04/02, 9.2468
2003/04/03, 9.2017
2003/04/04, 9.1982
2003/04/07, 9.1755
2003/04/08, 9.1691
2003/04/09, 9.1377
2003/04/10, 9.1458
2003/04/11, 9.138
2003/04/14, 9.1275
2003/04/15, 9.137
2003/04/16, 9.1572
2003/04/17, 9.1655
2003/04/22, 9.141
2003/04/23, 9.1115
2003/04/24, 9.1102
2003/04/25, 9.1095
2003/04/28, 9.1337
2003/04/29, 9.1305
2003/04/30, 9.1175
2003/05/02, 9.1168
2003/05/05, 9.0833
2003/05/06, 9.0968
2003/05/07, 9.108
2003/05/08, 9.116
2003/05/09, 9.1748
2003/05/12, 9.194
2003/05/13, 9.185
2003/05/14, 9.1785
2003/05/15, 9.1578
2003/05/16, 9.149
2003/05/19, 9.1869
2003/05/20, 9.17
2003/05/21, 9.183
2003/05/22, 9.1478
2003/05/23, 9.1679
2003/05/26, 9.1984
2003/05/27, 9.193
2003/05/28, 9.1535
2003/05/29, 9.1625
2003/05/30, 9.15
2003/06/02, 9.1128
2003/06/03, 9.125
2003/06/04, 9.1055
2003/06/05, 9.126
2003/06/06, 9.1254
2003/06/09, 9.1152
2003/06/10, 9.1157
2003/06/11, 9.106
2003/06/12, 9.0914
2003/06/13, 9.068
2003/06/16, 9.094
2003/06/17, 9.072
2003/06/18, 9.068
2003/06/19, 9.0773
2003/06/20, 9.0675
2003/06/23, 9.0965
2003/06/24, 9.145
2003/06/25, 9.1535
2003/06/26, 9.1855
2003/06/27, 9.1828
2003/06/30, 9.2488
2003/07/01, 9.197
2003/07/02, 9.1831
2003/07/03, 9.1745
2003/07/04, 9.1783
2003/07/07, 9.202
2003/07/08, 9.1575
2003/07/09, 9.143
2003/07/10, 9.1255
2003/07/11, 9.135
2003/07/14, 9.1323
2003/07/15, 9.1465
2003/07/16, 9.1542
2003/07/17, 9.2037
2003/07/18, 9.2374
2003/07/21, 9.2763
2003/07/22, 9.2718
2003/07/23, 9.244
2003/07/24, 9.1977
2003/07/25, 9.1925
2003/07/28, 9.1666
2003/07/29, 9.184
2003/07/30, 9.178
2003/07/31, 9.188
2003/08/01, 9.2302
2003/08/04, 9.2597
2003/08/05, 9.22
2003/08/06, 9.1997
2003/08/07, 9.2085
2003/08/08, 9.202
2003/08/11, 9.2355
2003/08/12, 9.2671
2003/08/13, 9.2467
2003/08/14, 9.2273
2003/08/15, 9.2322
2003/08/18, 9.2411
2003/08/19, 9.3148
2003/08/20, 9.2533
2003/08/21, 9.2093
2003/08/22, 9.2089
2003/08/25, 9.2435
2003/08/26, 9.278
2003/08/27, 9.267
2003/08/28, 9.22
2003/08/29, 9.23
2003/09/01, 9.1713
2003/09/02, 9.181
2003/09/03, 9.149
2003/09/04, 9.13
2003/09/05, 9.12
2003/09/08, 9.1285
2003/09/09, 9.1328
2003/09/10, 9.1555
2003/09/11, 9.084
2003/09/12, 9.095
2003/09/15, 9.142
2003/09/16, 9.1464
2003/09/17, 9.0783
2003/09/18, 9.0318
2003/09/19, 9.0375
2003/09/22, 9.063
2003/09/23, 9.03
2003/09/24, 8.9385
2003/09/25, 8.8848
2003/09/26, 8.934
2003/09/29, 8.9038
2003/09/30, 8.9625
2003/10/01, 9.085
2003/10/02, 8.988
2003/10/03, 8.9883
2003/10/06, 8.971
2003/10/07, 8.9682
2003/10/08, 8.9845
2003/10/09, 8.9784
2003/10/10, 9.002
2003/10/13, 9.006
2003/10/14, 8.959
2003/10/15, 8.9634
2003/10/16, 8.942
2003/10/17, 8.986
2003/10/20, 9.0645
2003/10/21, 9.0435
2003/10/22, 9.0255
2003/10/23, 9.0355
2003/10/24, 9.0505
2003/10/27, 9.0705
2003/10/28, 9.0377
2003/10/29, 9.0285
2003/10/30, 9.0152
2003/10/31, 9.0474
2003/11/03, 9.073
2003/11/04, 9.0548
2003/11/05, 9.0338
2003/11/06, 9.003
2003/11/07, 8.969
2003/11/10, 8.9757
2003/11/11, 8.988
2003/11/12, 8.9777
2003/11/13, 8.9525
2003/11/14, 8.957
2003/11/17, 8.9665
2003/11/18, 8.9665
2003/11/19, 8.9969
2003/11/20, 8.974
2003/11/21, 8.9625
2003/11/24, 8.962
2003/11/25, 8.9847
2003/11/26, 8.9955
2003/11/27, 9.0373
2003/11/28, 9.0475
2003/12/01, 9.0187
2003/12/02, 9.0117
2003/12/03, 8.987
2003/12/04, 8.963
2003/12/05, 8.9523
2003/12/08, 8.9327
2003/12/09, 8.9398
2003/12/10, 8.937
2003/12/11, 8.9817
2003/12/12, 8.9655
2003/12/15, 8.992
2003/12/16, 9.04
2003/12/17, 9.033
2003/12/18, 9.0825
2003/12/19, 9.1085
2003/12/22, 9.0927
2003/12/23, 9.1036
2003/12/24, 9.0905
2003/12/29, 9.0891
2003/12/30, 9.077
2003/12/31, 9.08
2004/01/02, 9.05
2004/01/05, 9.068
2004/01/06, 9.1278
2004/01/07, 9.1053
2004/01/08, 9.0872
2004/01/09, 9.1119
2004/01/12, 9.1115
2004/01/13, 9.1342
2004/01/14, 9.1755
2004/01/15, 9.164
2004/01/16, 9.1902
2004/01/19, 9.176
2004/01/20, 9.1631
2004/01/21, 9.1639
2004/01/22, 9.106
2004/01/23, 9.1436
2004/01/26, 9.1513
2004/01/27, 9.1591
2004/01/28, 9.1255
2004/01/29, 9.164
2004/01/30, 9.194
2004/02/02, 9.2182
2004/02/03, 9.1767
2004/02/04, 9.1838
2004/02/05, 9.1759
2004/02/06, 9.1175
2004/02/09, 9.1062
2004/02/10, 9.126
2004/02/11, 9.1118
2004/02/12, 9.1567
2004/02/13, 9.1462
2004/02/16, 9.1719
2004/02/17, 9.1935
2004/02/18, 9.1956
2004/02/19, 9.18
2004/02/20, 9.1866
2004/02/23, 9.1975
2004/02/24, 9.1983
2004/02/25, 9.2337
2004/02/26, 9.2191
2004/02/27, 9.2315
2004/03/01, 9.251
2004/03/02, 9.2481
2004/03/03, 9.255
2004/03/04, 9.2151
2004/03/05, 9.2
2004/03/08, 9.1652
2004/03/09, 9.1653
2004/03/10, 9.1748
2004/03/11, 9.207
2004/03/12, 9.2376
2004/03/15, 9.2563
2004/03/16, 9.238
2004/03/17, 9.2438
2004/03/18, 9.2493
2004/03/19, 9.2713
2004/03/22, 9.2185
2004/03/23, 9.2272
2004/03/24, 9.2414
2004/03/25, 9.281
2004/03/26, 9.2665
2004/03/29, 9.2665
2004/03/30, 9.2596
2004/03/31, 9.2581
2004/04/01, 9.234
2004/04/02, 9.2231
2004/04/05, 9.193
2004/04/06, 9.2018
2004/04/07, 9.1615
2004/04/08, 9.1645
2004/04/13, 9.1363
2004/04/14, 9.1755
2004/04/15, 9.1868
2004/04/16, 9.2072
2004/04/19, 9.2088
2004/04/20, 9.1688
2004/04/21, 9.1585
2004/04/22, 9.1432
2004/04/23, 9.1375
2004/04/26, 9.1083
2004/04/27, 9.1142
2004/04/28, 9.1163
2004/04/29, 9.1188
2004/04/30, 9.1483
2004/05/03, 9.1425
2004/05/04, 9.1383
2004/05/05, 9.1389
2004/05/06, 9.106
2004/05/07, 9.1028
2004/05/10, 9.1259
2004/05/11, 9.1703
2004/05/12, 9.1698
2004/05/13, 9.1415
2004/05/14, 9.164
2004/05/17, 9.192
2004/05/18, 9.162
2004/05/19, 9.1243
2004/05/20, 9.0735
2004/05/21, 9.1051
2004/05/24, 9.097
2004/05/25, 9.1262
2004/05/26, 9.1106
2004/05/27, 9.087
2004/05/28, 9.115
2004/05/31, 9.0893
2004/06/01, 9.102
2004/06/02, 9.131
2004/06/03, 9.1475
2004/06/04, 9.1467
2004/06/07, 9.1333
2004/06/08, 9.104
2004/06/09, 9.0925
2004/06/10, 9.1475
2004/06/11, 9.1589
2004/06/14, 9.1794
2004/06/15, 9.1495
2004/06/16, 9.1458
2004/06/17, 9.1495
2004/06/18, 9.1485
2004/06/21, 9.1453
2004/06/22, 9.162
2004/06/23, 9.1635
2004/06/24, 9.1688
2004/06/25, 9.1488
2004/06/28, 9.1493
2004/06/29, 9.1275
2004/06/30, 9.1451
2004/07/01, 9.1615
2004/07/02, 9.1785
2004/07/05, 9.1859
2004/07/06, 9.1885
2004/07/07, 9.1813
2004/07/08, 9.1755
2004/07/09, 9.1845
2004/07/12, 9.2002
2004/07/13, 9.2048
2004/07/14, 9.212
2004/07/15, 9.1955
2004/07/16, 9.1981
2004/07/19, 9.1975
2004/07/20, 9.2091
2004/07/21, 9.1815
2004/07/22, 9.1923
2004/07/23, 9.1906
2004/07/26, 9.203
2004/07/27, 9.2033
2004/07/28, 9.2105
2004/07/29, 9.2274
2004/07/30, 9.2357
2004/08/02, 9.214
2004/08/03, 9.2092
2004/08/04, 9.1938
2004/08/05, 9.1803
2004/08/06, 9.1821
2004/08/09, 9.1978
2004/08/10, 9.1823
2004/08/11, 9.2
2004/08/12, 9.202
2004/08/13, 9.2198
2004/08/16, 9.2389
2004/08/17, 9.2324
2004/08/18, 9.2187
2004/08/19, 9.2185
2004/08/20, 9.1985
2004/08/23, 9.1783
2004/08/24, 9.1613
2004/08/25, 9.1546
2004/08/26, 9.1405
2004/08/27, 9.1226
2004/08/30, 9.1222
2004/08/31, 9.1263
2004/09/01, 9.137
2004/09/02, 9.1211
2004/09/03, 9.137
2004/09/06, 9.1318
2004/09/07, 9.1335
2004/09/08, 9.101
2004/09/09, 9.1171
2004/09/10, 9.0981
2004/09/13, 9.0915
2004/09/14, 9.1003
2004/09/15, 9.1175
2004/09/16, 9.127
2004/09/17, 9.1091
2004/09/20, 9.0816
2004/09/21, 9.0573
2004/09/22, 9.0536
2004/09/23, 9.0539
2004/09/24, 9.039
2004/09/27, 9.0484
2004/09/28, 9.0558
2004/09/29, 9.0526
2004/09/30, 9.0588
2004/10/01, 9.0288
2004/10/04, 9.0448
2004/10/05, 9.04
2004/10/06, 9.0353
2004/10/07, 9.0463
2004/10/08, 9.068
2004/10/11, 9.0515
2004/10/12, 9.0578
2004/10/13, 9.0633
2004/10/14, 9.0916
2004/10/15, 9.1078
2004/10/18, 9.0985
2004/10/19, 9.0817
2004/10/20, 9.0734
2004/10/21, 9.0789
2004/10/22, 9.094
2004/10/25, 9.0775
2004/10/26, 9.0427
2004/10/27, 9.0238
2004/10/28, 9.0426
2004/10/29, 9.053
2004/11/01, 9.0525
2004/11/02, 9.0422
2004/11/03, 9.063
2004/11/04, 9.0793
2004/11/05, 9.108
2004/11/08, 9.0886
2004/11/09, 9.116
2004/11/10, 9.0665
2004/11/11, 9.0233
2004/11/12, 8.9663
2004/11/15, 8.9613
2004/11/16, 8.9625
2004/11/17, 8.971
2004/11/18, 8.9645
2004/11/19, 8.9695
2004/11/22, 8.9569
2004/11/23, 8.9465
2004/11/24, 8.927
2004/11/25, 8.926
2004/11/26, 8.9214
2004/11/29, 8.921
2004/11/30, 8.9238
2004/12/01, 8.9396
2004/12/02, 8.9755
2004/12/03, 8.951
2004/12/06, 8.8992
2004/12/07, 8.9065
2004/12/08, 8.9627
2004/12/09, 8.994
2004/12/10, 9.014
2004/12/13, 8.9675
2004/12/14, 8.9573
2004/12/15, 8.9963
2004/12/16, 8.9615
2004/12/17, 8.998
2004/12/20, 8.963
2004/12/21, 8.9695
2004/12/22, 9.0245
2004/12/23, 9.0275
2004/12/24, 9.035
2004/12/27, 9.0292
2004/12/28, 8.987
2004/12/29, 8.9883
2004/12/30, 9.0155
2004/12/31, 9.0206
2005/01/03, 8.9758
2005/01/04, 9.0385
2005/01/05, 9.0373
2005/01/06, 9.0339
2005/01/07, 9.0298
2005/01/10, 9.043
2005/01/11, 9.028
2005/01/12, 9.055
2005/01/13, 9.0481
2005/01/14, 9.0483
2005/01/17, 9.0432
2005/01/18, 9.035
2005/01/19, 9.0295
2005/01/20, 9.0217
2005/01/21, 9.057
2005/01/24, 9.0615
2005/01/25, 9.0701
2005/01/26, 9.0725
2005/01/27, 9.078
2005/01/28, 9.0875
2005/01/31, 9.1057
2005/02/01, 9.0945
2005/02/02, 9.0763
2005/02/03, 9.0633
2005/02/04, 9.0853
2005/02/07, 9.0723
2005/02/08, 9.0883
2005/02/09, 9.0755
2005/02/10, 9.091
2005/02/11, 9.0975
2005/02/14, 9.0972
2005/02/15, 9.0706
2005/02/16, 9.0761
2005/02/17, 9.1048
2005/02/18, 9.0914
2005/02/21, 9.12
2005/02/22, 9.0993
2005/02/23, 9.098
2005/02/24, 9.0734
2005/02/25, 9.0724
2005/02/28, 9.0576
2005/03/01, 9.0517
2005/03/02, 9.0627
2005/03/03, 9.0464
2005/03/04, 9.0555
2005/03/07, 9.0365
2005/03/08, 9.0499
2005/03/09, 9.053
2005/03/10, 9.0693
2005/03/11, 9.063
2005/03/14, 9.075
2005/03/15, 9.0958
2005/03/16, 9.09
2005/03/17, 9.1023
2005/03/18, 9.1144
2005/03/21, 9.1371
2005/03/22, 9.1392
2005/03/23, 9.1114
2005/03/24, 9.1087
2005/03/29, 9.1197
2005/03/30, 9.1325
2005/03/31, 9.143
2005/04/01, 9.1687
2005/04/04, 9.1818
2005/04/05, 9.1765
2005/04/06, 9.1612
2005/04/07, 9.1478
2005/04/08, 9.1597
2005/04/11, 9.1703
2005/04/12, 9.1578
2005/04/13, 9.1515
2005/04/14, 9.168
2005/04/15, 9.1785
2005/04/18, 9.177
2005/04/19, 9.2005
2005/04/20, 9.1923
2005/04/21, 9.1855
2005/04/22, 9.1704
2005/04/25, 9.1523
2005/04/26, 9.1453
2005/04/27, 9.1403
2005/04/28, 9.1413
2005/04/29, 9.1805
2005/05/02, 9.1994
2005/05/03, 9.2249
2005/05/04, 9.1718
2005/05/05, 9.168
2005/05/06, 9.1633
2005/05/09, 9.1823
2005/05/10, 9.2005
2005/05/11, 9.2008
2005/05/12, 9.2105
2005/05/13, 9.2067
2005/05/16, 9.224
2005/05/17, 9.226
2005/05/18, 9.2162
2005/05/19, 9.191
2005/05/20, 9.1885
2005/05/23, 9.18
2005/05/24, 9.1812
2005/05/25, 9.1783
2005/05/26, 9.2
2005/05/27, 9.1975
2005/05/30, 9.1768
2005/05/31, 9.1608
2005/06/01, 9.14
2005/06/02, 9.1528
2005/06/03, 9.141
2005/06/06, 9.1357
2005/06/07, 9.1304
2005/06/08, 9.193
2005/06/09, 9.201
2005/06/10, 9.2228
2005/06/13, 9.2665
2005/06/14, 9.2835
2005/06/15, 9.264
2005/06/16, 9.275
2005/06/17, 9.2403
2005/06/20, 9.2273
2005/06/21, 9.2373
2005/06/22, 9.2711
2005/06/23, 9.3735
2005/06/24, 9.4015
2005/06/27, 9.3723
2005/06/28, 9.393
2005/06/29, 9.4333
2005/06/30, 9.4259
2005/07/01, 9.4866
2005/07/04, 9.474
2005/07/05, 9.4352
2005/07/06, 9.3693
2005/07/07, 9.4287
2005/07/08, 9.4296
2005/07/11, 9.4744
2005/07/12, 9.456
2005/07/13, 9.3855
2005/07/14, 9.3809
2005/07/15, 9.4148
2005/07/18, 9.373
2005/07/19, 9.4254
2005/07/20, 9.422
2005/07/21, 9.457
2005/07/22, 9.4528
2005/07/25, 9.421
2005/07/26, 9.4493
2005/07/27, 9.4385
2005/07/28, 9.4
2005/07/29, 9.4048
2005/08/01, 9.393
2005/08/02, 9.3721
2005/08/03, 9.3803
2005/08/04, 9.3385
2005/08/05, 9.3338
2005/08/08, 9.3242
2005/08/09, 9.359
2005/08/10, 9.3545
2005/08/11, 9.3223
2005/08/12, 9.3016
2005/08/15, 9.3064
2005/08/16, 9.3084
2005/08/17, 9.3309
2005/08/18, 9.3233
2005/08/19, 9.3425
2005/08/22, 9.3658
2005/08/23, 9.3674
2005/08/24, 9.3333
2005/08/25, 9.3313
2005/08/26, 9.3291
2005/08/29, 9.3193
2005/08/30, 9.3386
2005/08/31, 9.3401
2005/09/01, 9.3325
2005/09/02, 9.2905
2005/09/05, 9.294
2005/09/06, 9.3124
2005/09/07, 9.328
2005/09/08, 9.32
2005/09/09, 9.337
2005/09/12, 9.2834
2005/09/13, 9.309
2005/09/14, 9.333
2005/09/15, 9.316
2005/09/16, 9.3305
2005/09/19, 9.33
2005/09/20, 9.3393
2005/09/21, 9.3345
2005/09/22, 9.3615
2005/09/23, 9.3683
2005/09/26, 9.357
2005/09/27, 9.3875
2005/09/28, 9.3887
2005/09/29, 9.3715
2005/09/30, 9.3267
2005/10/03, 9.3086
2005/10/04, 9.321
2005/10/05, 9.3014
2005/10/06, 9.3108
2005/10/07, 9.3375
2005/10/10, 9.3537
2005/10/11, 9.3353
2005/10/12, 9.3507
2005/10/13, 9.372
2005/10/14, 9.4369
2005/10/17, 9.463
2005/10/18, 9.4712
2005/10/19, 9.4695
2005/10/20, 9.465
2005/10/21, 9.49
2005/10/24, 9.5297
2005/10/25, 9.488
2005/10/26, 9.493
2005/10/27, 9.5045
2005/10/28, 9.5295
2005/10/31, 9.536
2005/11/01, 9.578
2005/11/02, 9.5973
2005/11/03, 9.6148
2005/11/04, 9.5915
2005/11/07, 9.6045
2005/11/08, 9.5525
2005/11/09, 9.5645
2005/11/10, 9.5918
2005/11/11, 9.5888
2005/11/14, 9.5458
2005/11/15, 9.6325
2005/11/16, 9.6126
2005/11/17, 9.6133
2005/11/18, 9.5675
2005/11/21, 9.5722
2005/11/22, 9.5426
2005/11/23, 9.5162
2005/11/24, 9.511
2005/11/25, 9.4647
2005/11/28, 9.4585
2005/11/29, 9.502
2005/11/30, 9.5272
2005/12/01, 9.5163
2005/12/02, 9.426
2005/12/05, 9.4243
2005/12/06, 9.3862
2005/12/07, 9.3949
2005/12/08, 9.4217
2005/12/09, 9.4224
2005/12/12, 9.4405
2005/12/13, 9.4415
2005/12/14, 9.44
2005/12/15, 9.418
2005/12/16, 9.479
2005/12/19, 9.4295
2005/12/20, 9.3887
2005/12/21, 9.43
2005/12/22, 9.4327
2005/12/23, 9.46
2005/12/27, 9.4753
2005/12/28, 9.4367
2005/12/29, 9.4104
2005/12/30, 9.3885
2006/01/02, 9.3977
2006/01/03, 9.355
2006/01/04, 9.3521
2006/01/05, 9.3263
2006/01/06, 9.3139
2006/01/09, 9.338
2006/01/10, 9.353
2006/01/11, 9.3499
2006/01/12, 9.3322
2006/01/13, 9.3063
2006/01/16, 9.3293
2006/01/17, 9.3325
2006/01/18, 9.3297
2006/01/19, 9.3395
2006/01/20, 9.3035
2006/01/23, 9.26
2006/01/24, 9.2698
2006/01/25, 9.2687
2006/01/26, 9.2512
2006/01/27, 9.2584
2006/01/30, 9.2265
2006/01/31, 9.2503
2006/02/01, 9.2352
2006/02/02, 9.2835
2006/02/03, 9.278
2006/02/06, 9.2972
2006/02/07, 9.307
2006/02/08, 9.2713
2006/02/09, 9.2617
2006/02/10, 9.2623
2006/02/13, 9.3379
2006/02/14, 9.335
2006/02/15, 9.3325
2006/02/16, 9.394
2006/02/17, 9.381
2006/02/20, 9.3635
2006/02/21, 9.3887
2006/02/22, 9.3762
2006/02/23, 9.4103
2006/02/24, 9.42
2006/02/27, 9.444
2006/02/28, 9.449
2006/03/01, 9.4475
2006/03/02, 9.4623
2006/03/03, 9.4603
2006/03/06, 9.4543
2006/03/07, 9.4733
2006/03/08, 9.472
2006/03/09, 9.4299
2006/03/10, 9.3925
2006/03/13, 9.3786
2006/03/14, 9.382
2006/03/15, 9.3875
2006/03/16, 9.3637
2006/03/17, 9.3396
2006/03/20, 9.334
2006/03/21, 9.373
2006/03/22, 9.3775
2006/03/23, 9.3525
2006/03/24, 9.373
2006/03/27, 9.355
2006/03/28, 9.3677
2006/03/29, 9.4148
2006/03/30, 9.4163
2006/03/31, 9.4315
2006/04/03, 9.4195
2006/04/04, 9.382
2006/04/05, 9.3584
2006/04/06, 9.322
2006/04/07, 9.3415
2006/04/10, 9.3669
2006/04/11, 9.3345
2006/04/12, 9.3285
2006/04/13, 9.326
2006/04/18, 9.3068
2006/04/19, 9.322
2006/04/20, 9.2882
2006/04/21, 9.308
2006/04/24, 9.342
2006/04/25, 9.3326
2006/04/26, 9.3135
2006/04/27, 9.3328
2006/04/28, 9.297
2006/05/02, 9.3173
2006/05/03, 9.309
2006/05/04, 9.3255
2006/05/05, 9.322
2006/05/08, 9.2985
2006/05/09, 9.321
2006/05/10, 9.3266
2006/05/11, 9.3379
2006/05/12, 9.37
2006/05/15, 9.3865
2006/05/16, 9.3985
2006/05/17, 9.3777
2006/05/18, 9.3755
2006/05/19, 9.3705
2006/05/22, 9.3513
2006/05/23, 9.3095
2006/05/24, 9.3189
2006/05/25, 9.3156
2006/05/26, 9.3065
2006/05/29, 9.2955
2006/05/30, 9.2726
2006/05/31, 9.2757
2006/06/01, 9.2655
2006/06/02, 9.2315
2006/06/05, 9.1893
2006/06/06, 9.2095
2006/06/07, 9.223
2006/06/08, 9.2123
2006/06/09, 9.2243
2006/06/12, 9.208
2006/06/13, 9.2553
2006/06/14, 9.2708
2006/06/15, 9.2765
2006/06/16, 9.2689
2006/06/19, 9.2809
2006/06/20, 9.2345
2006/06/21, 9.2023
2006/06/22, 9.2349
2006/06/23, 9.2213
2006/06/26, 9.2182
2006/06/27, 9.2313
2006/06/28, 9.2337
2006/06/29, 9.2373
2006/06/30, 9.2385
2006/07/03, 9.2165
2006/07/04, 9.1883
2006/07/05, 9.1776
2006/07/06, 9.1818
2006/07/07, 9.1693
2006/07/10, 9.1716
2006/07/11, 9.1891
2006/07/12, 9.1625
2006/07/13, 9.1818
2006/07/14, 9.2043
2006/07/17, 9.2365
2006/07/18, 9.2527
2006/07/19, 9.2585
2006/07/20, 9.2305
2006/07/21, 9.2441
2006/07/24, 9.2595
2006/07/25, 9.2655
2006/07/26, 9.2452
2006/07/27, 9.2495
2006/07/28, 9.24
2006/07/31, 9.233
2006/08/01, 9.2103
2006/08/02, 9.1991
2006/08/03, 9.2035
2006/08/04, 9.2287
2006/08/07, 9.185
2006/08/08, 9.183
2006/08/09, 9.1655
2006/08/10, 9.189
2006/08/11, 9.1948
2006/08/14, 9.2005
2006/08/15, 9.216
2006/08/16, 9.2107
2006/08/17, 9.194
2006/08/18, 9.2085
2006/08/21, 9.2095
2006/08/22, 9.1973
2006/08/23, 9.201
2006/08/24, 9.1906
2006/08/25, 9.2231
2006/08/28, 9.2465
2006/08/29, 9.2493
2006/08/30, 9.252
2006/08/31, 9.2667
2006/09/01, 9.316
2006/09/04, 9.3177
2006/09/05, 9.3225
2006/09/06, 9.3013
2006/09/07, 9.3285
2006/09/08, 9.3195
2006/09/11, 9.2685
2006/09/12, 9.229
2006/09/13, 9.2478
2006/09/14, 9.2488
2006/09/15, 9.225
2006/09/18, 9.1928
2006/09/19, 9.174
2006/09/20, 9.2168
2006/09/21, 9.2193
2006/09/22, 9.258
2006/09/25, 9.3019
2006/09/26, 9.2895
2006/09/27, 9.277
2006/09/28, 9.2623
2006/09/29, 9.2797
2006/10/02, 9.3317
2006/10/03, 9.326
2006/10/04, 9.3225
2006/10/05, 9.2895
2006/10/06, 9.2778
2006/10/09, 9.28
2006/10/10, 9.274
2006/10/11, 9.256
2006/10/12, 9.24
2006/10/13, 9.2564
2006/10/16, 9.243
2006/10/17, 9.2694
2006/10/18, 9.263
2006/10/19, 9.2485
2006/10/20, 9.2108
2006/10/23, 9.2045
2006/10/24, 9.2002
2006/10/25, 9.2125
2006/10/26, 9.2265
2006/10/27, 9.2215
2006/10/30, 9.2073
2006/10/31, 9.212
2006/11/01, 9.2017
2006/11/02, 9.1966
2006/11/03, 9.1685
2006/11/06, 9.1465
2006/11/07, 9.1445
2006/11/08, 9.1465
2006/11/09, 9.1195
2006/11/10, 9.0888
2006/11/13, 9.0936
2006/11/14, 9.0723
2006/11/15, 9.087
2006/11/16, 9.0705
2006/11/17, 9.0621
2006/11/20, 9.0823
2006/11/21, 9.087
2006/11/22, 9.0965
2006/11/23, 9.0595
2006/11/24, 9.0375
2006/11/27, 9.0423
2006/11/28, 9.0683
2006/11/29, 9.0801
2006/11/30, 9.0661
2006/12/01, 9.036
2006/12/04, 9.033
2006/12/05, 9.0495
2006/12/06, 9.0757
2006/12/07, 9.0345
2006/12/08, 9.0555
2006/12/11, 9.0585
2006/12/12, 9.0605
2006/12/13, 9.0407
2006/12/14, 9.0602
2006/12/15, 9.0633
2006/12/18, 9.0555
2006/12/19, 9.0252
2006/12/20, 9.0038
2006/12/21, 8.9661
2006/12/22, 8.9888
2006/12/27, 9.023
2006/12/28, 9.0463
2006/12/29, 9.0404
2007/01/02, 9.0245
2007/01/03, 9.019
2007/01/04, 9.0696
2007/01/05, 9.0726
2007/01/08, 9.061
2007/01/09, 9.096
2007/01/10, 9.1198
2007/01/11, 9.1431
2007/01/12, 9.1115
2007/01/15, 9.0829
2007/01/16, 9.0621
2007/01/17, 9.0776
2007/01/18, 9.0995
2007/01/19, 9.1195
2007/01/22, 9.1249
2007/01/23, 9.0855
2007/01/24, 9.0595
2007/01/25, 9.075
2007/01/26, 9.0835
2007/01/29, 9.0725
2007/01/30, 9.0383
2007/01/31, 9.052
2007/02/01, 9.0395
2007/02/02, 9.0575
2007/02/05, 9.1163
2007/02/06, 9.1365
2007/02/07, 9.1175
2007/02/08, 9.0947
2007/02/09, 9.0933
2007/02/12, 9.105
2007/02/13, 9.166
2007/02/14, 9.141
2007/02/15, 9.2235
2007/02/16, 9.2701
2007/02/19, 9.2425
2007/02/20, 9.253
2007/02/21, 9.3099
2007/02/22, 9.3155
2007/02/23, 9.306
2007/02/26, 9.2815
2007/02/27, 9.246
2007/02/28, 9.2763
2007/03/01, 9.2777
2007/03/02, 9.2927
2007/03/05, 9.3308
2007/03/06, 9.2785
2007/03/07, 9.2648
2007/03/08, 9.285
2007/03/09, 9.2933
2007/03/12, 9.293
2007/03/13, 9.291
2007/03/14, 9.3068
2007/03/15, 9.268
2007/03/16, 9.2625
2007/03/19, 9.2916
2007/03/20, 9.3019
2007/03/21, 9.3034
2007/03/22, 9.2983
2007/03/23, 9.3135
2007/03/26, 9.3083
2007/03/27, 9.3182
2007/03/28, 9.319
2007/03/29, 9.337
2007/03/30, 9.3462
2007/04/02, 9.367
2007/04/03, 9.3631
2007/04/04, 9.3355
2007/04/05, 9.2715
2007/04/10, 9.2826
2007/04/11, 9.257
2007/04/12, 9.258
2007/04/13, 9.2823
2007/04/16, 9.224
2007/04/17, 9.2204
2007/04/18, 9.2176
2007/04/19, 9.2195
2007/04/20, 9.1953
2007/04/23, 9.1979
2007/04/24, 9.193
2007/04/25, 9.1746
2007/04/26, 9.152
2007/04/27, 9.1435
2007/04/30, 9.1523
2007/05/02, 9.165
2007/05/03, 9.1413
2007/05/04, 9.1575
2007/05/07, 9.1655
2007/05/08, 9.189
2007/05/09, 9.1935
2007/05/10, 9.2065
2007/05/11, 9.226
2007/05/14, 9.2313
2007/05/15, 9.196
2007/05/16, 9.1985
2007/05/17, 9.2065
2007/05/18, 9.219
2007/05/21, 9.2187
2007/05/22, 9.192
2007/05/23, 9.1909
2007/05/24, 9.1957
2007/05/25, 9.1912
2007/05/28, 9.2032
2007/05/29, 9.2555
2007/05/30, 9.2965
2007/05/31, 9.2945
2007/06/01, 9.316
2007/06/04, 9.3243
2007/06/05, 9.325
2007/06/06, 9.34
2007/06/07, 9.3205
2007/06/08, 9.3425
2007/06/11, 9.3367
2007/06/12, 9.3923
2007/06/13, 9.4157
2007/06/14, 9.4166
2007/06/15, 9.427
2007/06/18, 9.4345
2007/06/19, 9.4172
2007/06/20, 9.299
2007/06/21, 9.2543
2007/06/22, 9.2448
2007/06/25, 9.2452
2007/06/26, 9.2816
2007/06/27, 9.2815
2007/06/28, 9.2415
2007/06/29, 9.2525
2007/07/02, 9.2655
2007/07/03, 9.2373
2007/07/04, 9.173
2007/07/05, 9.157
2007/07/06, 9.1585
2007/07/09, 9.1677
2007/07/10, 9.1873
2007/07/11, 9.1663
2007/07/12, 9.1448
2007/07/13, 9.156
2007/07/16, 9.1503
2007/07/17, 9.1613
2007/07/18, 9.172
2007/07/19, 9.1757
2007/07/20, 9.1677
2007/07/23, 9.1855
2007/07/24, 9.1775
2007/07/25, 9.2103
2007/07/26, 9.2266
2007/07/27, 9.2272
2007/07/30, 9.1945
2007/07/31, 9.19
2007/08/01, 9.2597
2007/08/02, 9.2325
2007/08/03, 9.2137
2007/08/06, 9.2192
2007/08/07, 9.2162
2007/08/08, 9.2347
2007/08/09, 9.2788
2007/08/10, 9.2924
2007/08/13, 9.3143
2007/08/14, 9.315
2007/08/15, 9.3633
2007/08/16, 9.413
2007/08/17, 9.359
2007/08/20, 9.3296
2007/08/21, 9.3645
2007/08/22, 9.3852
2007/08/23, 9.369
2007/08/24, 9.378
2007/08/27, 9.372
2007/08/28, 9.3721
2007/08/29, 9.3987
2007/08/30, 9.3832
2007/08/31, 9.3662
2007/09/03, 9.382
2007/09/04, 9.389
2007/09/05, 9.3948
2007/09/06, 9.345
2007/09/07, 9.326
2007/09/10, 9.3725
2007/09/11, 9.32
2007/09/12, 9.2903
2007/09/13, 9.2766
2007/09/14, 9.2735
2007/09/17, 9.2845
2007/09/18, 9.2953
2007/09/19, 9.2565
2007/09/20, 9.214
2007/09/21, 9.206
2007/09/24, 9.1815
2007/09/25, 9.2181
2007/09/26, 9.2095
2007/09/27, 9.2207
2007/09/28, 9.2147
2007/10/01, 9.194
2007/10/02, 9.2163
2007/10/03, 9.2037
2007/10/04, 9.1755
2007/10/05, 9.1848
2007/10/08, 9.1665
2007/10/09, 9.163
2007/10/10, 9.1532
2007/10/11, 9.1093
2007/10/12, 9.1145
2007/10/15, 9.0923
2007/10/16, 9.1538
2007/10/17, 9.1456
2007/10/18, 9.153
2007/10/19, 9.1677
2007/10/22, 9.2145
2007/10/23, 9.19
2007/10/24, 9.2127
2007/10/25, 9.2103
2007/10/26, 9.18
2007/10/29, 9.192
2007/10/30, 9.1782
2007/10/31, 9.2191
2007/11/01, 9.2225
2007/11/02, 9.253
2007/11/05, 9.258
2007/11/06, 9.25
2007/11/07, 9.2535
2007/11/08, 9.262
2007/11/09, 9.2908
2007/11/12, 9.3214
2007/11/13, 9.2805
2007/11/14, 9.247
2007/11/15, 9.248
2007/11/16, 9.2587
2007/11/19, 9.2829
2007/11/20, 9.2823
2007/11/21, 9.317
2007/11/22, 9.329
2007/11/23, 9.3188
2007/11/26, 9.289
2007/11/27, 9.3135
2007/11/28, 9.3367
2007/11/29, 9.3689
2007/11/30, 9.3715
2007/12/03, 9.3775
2007/12/04, 9.42
2007/12/05, 9.3985
2007/12/06, 9.3905
2007/12/07, 9.401
2007/12/10, 9.4182
2007/12/11, 9.405
2007/12/12, 9.4289
2007/12/13, 9.4398
2007/12/14, 9.4217
2007/12/17, 9.4593
2007/12/18, 9.4381
2007/12/19, 9.4754
2007/12/20, 9.461
2007/12/21, 9.4453
2007/12/24, 9.4685
2007/12/27, 9.4685
2007/12/28, 9.4483
2007/12/31, 9.4415
2008/01/02, 9.4257
2008/01/03, 9.4078
2008/01/04, 9.3755
2008/01/07, 9.3625
2008/01/08, 9.3806
2008/01/09, 9.403
2008/01/10, 9.4087
2008/01/11, 9.398
2008/01/14, 9.3987
2008/01/15, 9.3965
2008/01/16, 9.4194
2008/01/17, 9.4097
2008/01/18, 9.4283
2008/01/21, 9.4752
2008/01/22, 9.4995
2008/01/23, 9.5105
2008/01/24, 9.486
2008/01/25, 9.4603
2008/01/28, 9.483
2008/01/29, 9.4487
2008/01/30, 9.4399
2008/01/31, 9.4725
2008/02/01, 9.451
2008/02/04, 9.41
2008/02/05, 9.4074
2008/02/06, 9.4288
2008/02/07, 9.4403
2008/02/08, 9.4125
2008/02/11, 9.4202
2008/02/12, 9.4163
2008/02/13, 9.3493
2008/02/14, 9.3288
2008/02/15, 9.314
2008/02/18, 9.3001
2008/02/19, 9.3164
2008/02/20, 9.3196
2008/02/21, 9.3136
2008/02/22, 9.304
2008/02/25, 9.3154
2008/02/26, 9.3005
2008/02/27, 9.3356
2008/02/28, 9.3686
2008/02/29, 9.3948
2008/03/03, 9.3655
2008/03/04, 9.361
2008/03/05, 9.3627
2008/03/06, 9.3581
2008/03/07, 9.3911
2008/03/10, 9.3918
2008/03/11, 9.3765
2008/03/12, 9.3978
2008/03/13, 9.451
2008/03/14, 9.4361
2008/03/17, 9.473
2008/03/18, 9.455
2008/03/19, 9.4241
2008/03/20, 9.4121
2008/03/25, 9.419
2008/03/26, 9.3964
2008/03/27, 9.3937
2008/03/28, 9.3769
2008/03/31, 9.397
2008/04/01, 9.3945
2008/04/02, 9.3697
2008/04/03, 9.342
2008/04/04, 9.368
2008/04/07, 9.3687
2008/04/08, 9.361
2008/04/09, 9.3622
2008/04/10, 9.386
2008/04/11, 9.412
2008/04/14, 9.406
2008/04/15, 9.419
2008/04/16, 9.4038
2008/04/17, 9.3845
2008/04/18, 9.394
2008/04/21, 9.3805
2008/04/22, 9.3605
2008/04/23, 9.3185
2008/04/24, 9.302
2008/04/25, 9.338
2008/04/28, 9.3514
2008/04/29, 9.3578
2008/04/30, 9.3575
2008/05/02, 9.3555
2008/05/05, 9.3485
2008/05/06, 9.336
2008/05/07, 9.2953
2008/05/08, 9.302
2008/05/09, 9.2904
2008/05/12, 9.2873
2008/05/13, 9.294
2008/05/14, 9.3078
2008/05/15, 9.322
2008/05/16, 9.337
2008/05/19, 9.2875
2008/05/20, 9.279
2008/05/21, 9.2993
2008/05/22, 9.3045
2008/05/23, 9.3024
2008/05/26, 9.309
2008/05/27, 9.2845
2008/05/28, 9.322
2008/05/29, 9.33
2008/05/30, 9.328
2008/06/02, 9.3454
2008/06/03, 9.3408
2008/06/04, 9.3448
2008/06/05, 9.3118
2008/06/06, 9.3338
2008/06/09, 9.348
2008/06/10, 9.3145
2008/06/11, 9.3571
2008/06/12, 9.3805
2008/06/13, 9.365
2008/06/16, 9.3458
2008/06/17, 9.3581
2008/06/18, 9.3838
2008/06/19, 9.403
2008/06/20, 9.398
2008/06/23, 9.3931
2008/06/24, 9.4026
2008/06/25, 9.4128
2008/06/26, 9.4162
2008/06/27, 9.4263
2008/06/30, 9.4703
2008/07/01, 9.4578
2008/07/02, 9.4538
2008/07/03, 9.4538
2008/07/04, 9.3935
2008/07/07, 9.4065
2008/07/08, 9.4185
2008/07/09, 9.4484
2008/07/10, 9.44
2008/07/11, 9.4795
2008/07/14, 9.4674
2008/07/15, 9.4932
2008/07/16, 9.5163
2008/07/17, 9.4778
2008/07/18, 9.4496
2008/07/21, 9.4539
2008/07/22, 9.4763
2008/07/23, 9.47
2008/07/24, 9.4665
2008/07/25, 9.461
2008/07/28, 9.4538
2008/07/29, 9.45
2008/07/30, 9.449
2008/07/31, 9.4649
2008/08/01, 9.4451
2008/08/04, 9.456
2008/08/05, 9.4622
2008/08/06, 9.4458
2008/08/07, 9.4127
2008/08/08, 9.3945
2008/08/11, 9.3977
2008/08/12, 9.3889
2008/08/13, 9.3771
2008/08/14, 9.3838
2008/08/15, 9.355
2008/08/18, 9.3475
2008/08/19, 9.36
2008/08/20, 9.3895
2008/08/21, 9.3825
2008/08/22, 9.3777
2008/08/25, 9.351
2008/08/26, 9.3755
2008/08/27, 9.3877
2008/08/28, 9.438
2008/08/29, 9.4381
2008/09/01, 9.4608
2008/09/02, 9.462
2008/09/03, 9.4661
2008/09/04, 9.4839
2008/09/05, 9.4789
2008/09/08, 9.4591
2008/09/09, 9.4684
2008/09/10, 9.5115
2008/09/11, 9.5135
2008/09/12, 9.5173
2008/09/15, 9.5519
2008/09/16, 9.6408
2008/09/17, 9.6125
2008/09/18, 9.5995
2008/09/19, 9.5383
2008/09/22, 9.536
2008/09/23, 9.5924
2008/09/24, 9.6435
2008/09/25, 9.6829
2008/09/26, 9.687
2008/09/29, 9.7009
2008/09/30, 9.7943
2008/10/01, 9.7268
2008/10/02, 9.7273
2008/10/03, 9.7017
2008/10/06, 9.766
2008/10/07, 9.6586
2008/10/08, 9.68
2008/10/09, 9.6575
2008/10/10, 9.651
2008/10/13, 9.6689
2008/10/14, 9.677
2008/10/15, 9.8413
2008/10/16, 10.0475
2008/10/17, 10.0191
2008/10/20, 9.919
2008/10/21, 9.992
2008/10/22, 10.1225
2008/10/23, 10.0615
2008/10/24, 9.9815
2008/10/27, 10.096
2008/10/28, 9.9473
2008/10/29, 9.9045
2008/10/30, 9.811
2008/10/31, 9.906
2008/11/03, 9.8512
2008/11/04, 9.8978
2008/11/05, 9.9369
2008/11/06, 10.0075
2008/11/07, 10.0545
2008/11/10, 9.9747
2008/11/11, 10.039
2008/11/12, 10.1065
2008/11/13, 10.118
2008/11/14, 9.9948
2008/11/17, 10.0126
2008/11/18, 10.1845
2008/11/19, 10.1375
2008/11/20, 10.2395
2008/11/21, 10.371
2008/11/24, 10.4025
2008/11/25, 10.3445
2008/11/26, 10.3173
2008/11/27, 10.2543
2008/11/28, 10.3057
2008/12/01, 10.3588
2008/12/02, 10.534
2008/12/03, 10.4545
2008/12/04, 10.5315
2008/12/05, 10.5788
2008/12/08, 10.415
2008/12/09, 10.5063
2008/12/10, 10.567
2008/12/11, 10.58
2008/12/12, 10.6625
2008/12/15, 10.865
2008/12/16, 11.044
2008/12/17, 11.0075
2008/12/18, 11.0475
2008/12/19, 10.8585
2008/12/22, 10.8335
2008/12/23, 10.9555
2008/12/24, 11.2305
2008/12/29, 10.9795
2008/12/30, 10.95
2008/12/31, 10.87
2009/01/02, 10.8425
2009/01/05, 10.7075
2009/01/06, 10.5675
2009/01/07, 10.5763
2009/01/08, 10.712
2009/01/09, 10.7215
2009/01/12, 10.7605
2009/01/13, 10.9242
2009/01/14, 10.9475
2009/01/15, 10.9925
2009/01/16, 10.7665
2009/01/19, 10.787
2009/01/20, 10.8895
2009/01/21, 10.768
2009/01/22, 10.6905
2009/01/23, 10.7058
2009/01/26, 10.6
2009/01/27, 10.5375
2009/01/28, 10.6145
2009/01/29, 10.5341
2009/01/30, 10.609
2009/02/02, 10.6765
2009/02/03, 10.7506
2009/02/04, 10.6693
2009/02/05, 10.6265
2009/02/06, 10.5655
2009/02/09, 10.4375
2009/02/10, 10.5205
2009/02/11, 10.8175
2009/02/12, 10.7945
2009/02/13, 10.7455
2009/02/16, 10.923
2009/02/17, 10.978
2009/02/18, 11.1088
2009/02/19, 10.8987
2009/02/20, 11.0728
2009/02/23, 11.135
2009/02/24, 11.3423
2009/02/25, 11.306
2009/02/26, 11.3175
2009/02/27, 11.4524
2009/03/02, 11.5755
2009/03/03, 11.4853
2009/03/04, 11.5175
2009/03/05, 11.4825
2009/03/06, 11.7135
2009/03/09, 11.5655
2009/03/10, 11.4625
2009/03/11, 11.2475
2009/03/12, 11.2122
2009/03/13, 11.1025
2009/03/16, 10.9869
2009/03/17, 11.0265
2009/03/18, 10.963
2009/03/19, 10.8663
2009/03/20, 11.056
2009/03/23, 11.076
2009/03/24, 10.9165
2009/03/25, 10.9565
2009/03/26, 10.8765
2009/03/27, 10.8935
2009/03/30, 10.9662
2009/03/31, 10.94
2009/04/01, 10.9303
2009/04/02, 10.8215
2009/04/03, 10.7751
2009/04/06, 10.74
2009/04/07, 10.878
2009/04/08, 10.8975
2009/04/09, 10.859
2009/04/14, 10.846
2009/04/15, 10.865
2009/04/16, 10.934
2009/04/17, 11.0405
2009/04/20, 11.118
2009/04/21, 11.176
2009/04/22, 11.0375
2009/04/23, 10.9158
2009/04/24, 10.831
2009/04/27, 10.7273
2009/04/28, 10.7475
2009/04/29, 10.7597
2009/04/30, 10.6915
2009/05/04, 10.6665
2009/05/05, 10.5865
2009/05/06, 10.616
2009/05/07, 10.477
2009/05/08, 10.512
2009/05/11, 10.5205
2009/05/12, 10.6218
2009/05/13, 10.6525
2009/05/14, 10.771
2009/05/15, 10.6372
2009/05/18, 10.6049
2009/05/19, 10.4705
2009/05/20, 10.4915
2009/05/21, 10.4476
2009/05/22, 10.48
2009/05/25, 10.472
2009/05/26, 10.5545
2009/05/27, 10.654
2009/05/28, 10.7353
2009/05/29, 10.6678
2009/06/01, 10.5965
2009/06/02, 10.6375
2009/06/03, 10.7766
2009/06/04, 10.8115
2009/06/05, 10.925
2009/06/08, 10.8925
2009/06/09, 10.7995
2009/06/10, 10.7296
2009/06/11, 10.8025
2009/06/12, 10.7555
2009/06/15, 10.8345
2009/06/16, 10.8595
2009/06/17, 10.8932
2009/06/18, 10.966
2009/06/19, 10.9725
2009/06/22, 11.0785
2009/06/23, 11.1025
2009/06/24, 11.026
2009/06/25, 11.0718
2009/06/26, 10.9595
2009/06/29, 10.8658
2009/06/30, 10.8125
2009/07/01, 10.72
2009/07/02, 10.84
2009/07/03, 10.9135
2009/07/06, 10.9205
2009/07/07, 10.965
2009/07/08, 11.06
2009/07/09, 10.9785
2009/07/10, 11.0022
2009/07/13, 11.0518
2009/07/14, 10.9725
2009/07/15, 10.9746
2009/07/16, 11.0135
2009/07/17, 11.0476
2009/07/20, 11.0023
2009/07/21, 10.8925
2009/07/22, 10.8073
2009/07/23, 10.7567
2009/07/24, 10.5995
2009/07/27, 10.5265
2009/07/28, 10.585
2009/07/29, 10.5849
2009/07/30, 10.4515
2009/07/31, 10.3358
2009/08/03, 10.2983
2009/08/04, 10.3043
2009/08/05, 10.2683
2009/08/06, 10.2707
2009/08/07, 10.3008
2009/08/10, 10.2129
2009/08/11, 10.3486
2009/08/12, 10.2656
2009/08/13, 10.196
2009/08/14, 10.1835
2009/08/17, 10.288
2009/08/18, 10.2375
2009/08/19, 10.2585
2009/08/20, 10.1977
2009/08/21, 10.1432
2009/08/24, 10.1046
2009/08/25, 10.0895
2009/08/26, 10.1445
2009/08/27, 10.1615
2009/08/28, 10.148
2009/08/31, 10.2191
2009/09/01, 10.22
2009/09/02, 10.3186
2009/09/03, 10.3138
2009/09/04, 10.2844
2009/09/07, 10.1955
2009/09/08, 10.1867
2009/09/09, 10.2308
2009/09/10, 10.2425
2009/09/11, 10.2128
2009/09/14, 10.2627
2009/09/15, 10.2438
2009/09/16, 10.1396
2009/09/17, 10.1134
2009/09/18, 10.1125
2009/09/21, 10.139
2009/09/22, 10.094
2009/09/23, 10.0778
2009/09/24, 10.1105
2009/09/25, 10.1538
2009/09/28, 10.2295
2009/09/29, 10.233
2009/09/30, 10.232
2009/10/01, 10.189
2009/10/02, 10.249
2009/10/05, 10.303
2009/10/06, 10.257
2009/10/07, 10.361
2009/10/08, 10.3134
2009/10/09, 10.2763
2009/10/12, 10.2978
2009/10/13, 10.339
2009/10/14, 10.3029
2009/10/15, 10.3355
2009/10/16, 10.3907
2009/10/19, 10.3978
2009/10/20, 10.369
2009/10/21, 10.3155
2009/10/22, 10.3234
2009/10/23, 10.2338
2009/10/26, 10.2
2009/10/27, 10.2595
2009/10/28, 10.3912
2009/10/29, 10.3359
2009/10/30, 10.3845
2009/11/02, 10.3936
2009/11/03, 10.4635
2009/11/04, 10.4384
2009/11/05, 10.4402
2009/11/06, 10.387
2009/11/09, 10.3005
2009/11/10, 10.285
2009/11/11, 10.2233
2009/11/12, 10.248
2009/11/13, 10.2375
2009/11/16, 10.1943
2009/11/17, 10.222
2009/11/18, 10.212
2009/11/19, 10.2855
2009/11/20, 10.3543
2009/11/23, 10.2985
2009/11/24, 10.3145
2009/11/25, 10.357
2009/11/26, 10.4548
2009/11/27, 10.4323
2009/11/30, 10.4533
2009/12/01, 10.4185
2009/12/02, 10.3413
2009/12/03, 10.3159
2009/12/04, 10.3716
2009/12/07, 10.4306
2009/12/08, 10.4841
2009/12/09, 10.4995
2009/12/10, 10.4367
2009/12/11, 10.449
2009/12/14, 10.4225
2009/12/15, 10.4635
2009/12/16, 10.4208
2009/12/17, 10.438
2009/12/18, 10.458
2009/12/21, 10.4035
2009/12/22, 10.4295
2009/12/23, 10.4511
2009/12/24, 10.4543
2009/12/28, 10.3965
2009/12/29, 10.355
2009/12/30, 10.2953
2009/12/31, 10.252
2010/01/04, 10.193
2010/01/05, 10.212
2010/01/06, 10.187
2010/01/07, 10.212
2010/01/08, 10.2255
2010/01/11, 10.1995
2010/01/12, 10.2215
2010/01/13, 10.1978
2010/01/14, 10.1715
2010/01/15, 10.143
2010/01/18, 10.1295
2010/01/19, 10.1518
2010/01/20, 10.1165
2010/01/21, 10.1375
2010/01/22, 10.2136
2010/01/25, 10.2075
2010/01/26, 10.2723
2010/01/27, 10.2446
2010/01/28, 10.2021
2010/01/29, 10.2388
2010/02/01, 10.1417
2010/02/02, 10.1229
2010/02/03, 10.106
2010/02/04, 10.133
2010/02/05, 10.2405
2010/02/08, 10.1616
2010/02/09, 10.1217
2010/02/10, 10.0335
2010/02/11, 9.9598
2010/02/12, 9.9144
2010/02/15, 9.8805
2010/02/16, 9.877
2010/02/17, 9.8183
2010/02/18, 9.7913
2010/02/19, 9.846
2010/02/22, 9.809
2010/02/23, 9.7913
2010/02/24, 9.785
2010/02/25, 9.7496
2010/02/26, 9.726
2010/03/01, 9.7649
2010/03/02, 9.7316
2010/03/03, 9.7945
2010/03/04, 9.743
2010/03/05, 9.7178
2010/03/08, 9.6794
2010/03/09, 9.728
2010/03/10, 9.718
2010/03/11, 9.7285
2010/03/12, 9.7288
2010/03/15, 9.7143
2010/03/16, 9.7242
2010/03/17, 9.7403
2010/03/18, 9.7243
2010/03/19, 9.6775
2010/03/22, 9.7585
2010/03/23, 9.7285
2010/03/24, 9.6922
2010/03/25, 9.665
2010/03/26, 9.7083
2010/03/29, 9.776
2010/03/30, 9.7803
2010/03/31, 9.7135
2010/04/01, 9.7288
2010/04/06, 9.663
2010/04/07, 9.6755
2010/04/08, 9.6785
2010/04/09, 9.6941
2010/04/12, 9.746
2010/04/13, 9.7575
2010/04/14, 9.7327
2010/04/15, 9.7069
2010/04/16, 9.687
2010/04/19, 9.698
2010/04/20, 9.645
2010/04/21, 9.5954
2010/04/22, 9.6152
2010/04/23, 9.591
2010/04/26, 9.568
2010/04/27, 9.577
2010/04/28, 9.6258
2010/04/29, 9.6267
2010/04/30, 9.6217
2010/05/03, 9.6095
2010/05/04, 9.5896
2010/05/05, 9.6419
2010/05/06, 9.712
2010/05/07, 9.7633
2010/05/10, 9.6861
2010/05/11, 9.6563
2010/05/12, 9.5781
2010/05/13, 9.5306
2010/05/14, 9.5745
2010/05/17, 9.6035
2010/05/18, 9.5545
2010/05/19, 9.6075
2010/05/20, 9.7388
2010/05/21, 9.831
2010/05/24, 9.796
2010/05/25, 9.8275
2010/05/26, 9.699
2010/05/27, 9.666
2010/05/28, 9.658
2010/05/31, 9.623
2010/06/01, 9.6163
2010/06/02, 9.5668
2010/06/03, 9.521
2010/06/04, 9.5495
2010/06/07, 9.6449
2010/06/08, 9.6597
2010/06/09, 9.6177
2010/06/10, 9.5775
2010/06/11, 9.581
2010/06/14, 9.567
2010/06/15, 9.6215
2010/06/16, 9.6014
2010/06/17, 9.574
2010/06/18, 9.5599
2010/06/21, 9.5178
2010/06/22, 9.558
2010/06/23, 9.512
2010/06/24, 9.5741
2010/06/25, 9.561
2010/06/28, 9.5584
2010/06/29, 9.5241
2010/06/30, 9.5259
2010/07/01, 9.6018
2010/07/02, 9.552
2010/07/05, 9.5995
2010/07/06, 9.625
2010/07/07, 9.616
2010/07/08, 9.5474
2010/07/09, 9.4767
2010/07/12, 9.456
2010/07/13, 9.4033
2010/07/14, 9.4118
2010/07/15, 9.4162
2010/07/16, 9.481
2010/07/19, 9.5312
2010/07/20, 9.5007
2010/07/21, 9.4595
2010/07/22, 9.4495
2010/07/23, 9.441
2010/07/26, 9.4862
2010/07/27, 9.4615
2010/07/28, 9.4795
2010/07/29, 9.4705
2010/07/30, 9.4333
2010/08/02, 9.357
2010/08/03, 9.365
2010/08/04, 9.3843
2010/08/05, 9.3823
2010/08/06, 9.38
2010/08/09, 9.394
2010/08/10, 9.4029
2010/08/11, 9.479
2010/08/12, 9.478
2010/08/13, 9.5021
2010/08/16, 9.4943
2010/08/17, 9.433
2010/08/18, 9.4453
2010/08/19, 9.4389
2010/08/20, 9.4761
2010/08/23, 9.394
2010/08/24, 9.4165
2010/08/25, 9.471
2010/08/26, 9.4297
2010/08/27, 9.3745
2010/08/30, 9.3872
2010/08/31, 9.389
2010/09/01, 9.349
2010/09/02, 9.3185
2010/09/03, 9.3131
2010/09/06, 9.3013
2010/09/07, 9.3185
2010/09/08, 9.271
2010/09/09, 9.2488
2010/09/10, 9.2019
2010/09/13, 9.184
2010/09/14, 9.226
2010/09/15, 9.195
2010/09/16, 9.218
2010/09/17, 9.2295
2010/09/20, 9.178
2010/09/21, 9.1459
2010/09/22, 9.1276
2010/09/23, 9.2054
2010/09/24, 9.207
2010/09/27, 9.171
2010/09/28, 9.224
2010/09/29, 9.1545
2010/09/30, 9.1421
2010/10/01, 9.2183
2010/10/04, 9.2398
2010/10/05, 9.2626
2010/10/06, 9.2993
2010/10/07, 9.3208
2010/10/08, 9.317
2010/10/11, 9.2715
2010/10/12, 9.246
2010/10/13, 9.2662
2010/10/14, 9.234
2010/10/15, 9.223
2010/10/18, 9.2871
2010/10/19, 9.335
2010/10/20, 9.3115
2010/10/21, 9.2675
2010/10/22, 9.2565
2010/10/25, 9.199
2010/10/26, 9.3028
2010/10/27, 9.3317
2010/10/28, 9.3164
2010/10/29, 9.361
2010/11/01, 9.2765
2010/11/02, 9.323
2010/11/03, 9.324
2010/11/04, 9.255
2010/11/05, 9.291
2010/11/08, 9.294
2010/11/09, 9.3083
2010/11/10, 9.2975
2010/11/11, 9.3102
2010/11/12, 9.3582
2010/11/15, 9.369
2010/11/16, 9.3753
2010/11/17, 9.398
2010/11/18, 9.3573
2010/11/19, 9.3945
2010/11/22, 9.3855
2010/11/23, 9.3865
2010/11/24, 9.2923
2010/11/25, 9.2705
2010/11/26, 9.307
2010/11/29, 9.2205
2010/11/30, 9.1715
2010/12/01, 9.154
2010/12/02, 9.1531
2010/12/03, 9.1265
2010/12/06, 9.1115
2010/12/07, 9.098
2010/12/08, 9.1484
2010/12/09, 9.131
2010/12/10, 9.1077
2010/12/13, 9.1464
2010/12/14, 9.1284
2010/12/15, 9.0798
2010/12/16, 9.0381
2010/12/17, 9.0223
2010/12/20, 8.986
2010/12/21, 8.9795
2010/12/22, 8.9812
2010/12/23, 8.963
2010/12/24, 8.9885
2010/12/27, 8.9771
2010/12/28, 8.9968
2010/12/29, 8.9885
2010/12/30, 9.0133
2010/12/31, 8.9655
2011/01/03, 8.937
2011/01/04, 8.9545
2011/01/05, 8.9295
2011/01/06, 8.921
2011/01/07, 8.9378
2011/01/10, 8.9205
2011/01/11, 8.874
2011/01/12, 8.8435
2011/01/13, 8.9005
2011/01/14, 8.9765
2011/01/17, 8.916
2011/01/18, 8.9203
2011/01/19, 8.9325
2011/01/20, 8.949
2011/01/21, 8.959
2011/01/24, 8.953
2011/01/25, 8.9074
2011/01/26, 8.8585
2011/01/27, 8.8452
2011/01/28, 8.853
2011/01/31, 8.867
2011/02/01, 8.805
2011/02/02, 8.8615
2011/02/03, 8.88
2011/02/04, 8.8185
2011/02/07, 8.805
2011/02/08, 8.7715
2011/02/09, 8.7885
2011/02/10, 8.8234
2011/02/11, 8.8022
2011/02/14, 8.7562
2011/02/15, 8.7255
2011/02/16, 8.7325
2011/02/17, 8.743
2011/02/18, 8.7328
2011/02/21, 8.762
2011/02/22, 8.787
2011/02/23, 8.7935
2011/02/24, 8.7985
2011/02/25, 8.832
2011/02/28, 8.7445
2011/03/01, 8.709
2011/03/02, 8.733
2011/03/03, 8.7576
2011/03/04, 8.835
2011/03/07, 8.8755
2011/03/08, 8.847
2011/03/09, 8.8055
2011/03/10, 8.8115
2011/03/11, 8.813
2011/03/14, 8.8405
2011/03/15, 8.979
2011/03/16, 8.973
2011/03/17, 8.9905
2011/03/18, 8.9065
2011/03/21, 8.9006
2011/03/22, 8.932
2011/03/23, 8.931
2011/03/24, 8.9455
2011/03/25, 8.9922
2011/03/28, 8.9729
2011/03/29, 8.985
2011/03/30, 8.9185
2011/03/31, 8.9329
2011/04/01, 8.9382
2011/04/04, 8.988
2011/04/05, 8.9895
2011/04/06, 9.0124
2011/04/07, 9.0455
2011/04/08, 8.9895
2011/04/11, 9.0125
2011/04/12, 9.0822
2011/04/13, 9.03
2011/04/14, 9.0293
2011/04/15, 8.966
2011/04/18, 8.9352
2011/04/19, 8.921
2011/04/20, 8.9011
2011/04/21, 8.8885
2011/04/26, 8.9257
2011/04/27, 8.9364
2011/04/28, 8.928
2011/04/29, 8.914
2011/05/02, 8.9267
2011/05/03, 8.9581
2011/05/04, 9.0105
2011/05/05, 9.0682
2011/05/06, 9.0215
2011/05/09, 8.9791
2011/05/10, 8.9565
2011/05/11, 8.946
2011/05/12, 8.9566
2011/05/13, 8.9951
2011/05/16, 9.009
2011/05/17, 9.0015
2011/05/18, 8.984
2011/05/19, 8.964
2011/05/20, 8.9324
2011/05/23, 8.9155
2011/05/24, 8.92
2011/05/25, 8.915
2011/05/26, 8.901
2011/05/27, 8.9108
2011/05/30, 8.8914
2011/05/31, 8.8932
2011/06/01, 8.889
2011/06/02, 8.9607
2011/06/03, 8.997
2011/06/06, 8.9965
2011/06/07, 9.0082
2011/06/08, 9.0442
2011/06/09, 9.0605
2011/06/10, 9.0885
2011/06/13, 9.1244
2011/06/14, 9.1183
2011/06/15, 9.1482
2011/06/16, 9.2034
2011/06/17, 9.1887
2011/06/20, 9.1708
2011/06/21, 9.1564
2011/06/22, 9.155
2011/06/23, 9.165
2011/06/24, 9.1802
2011/06/27, 9.1929
2011/06/28, 9.2475
2011/06/29, 9.2047
2011/06/30, 9.1739
2011/07/01, 9.128
