2005/04/01, 12272.17
2005/04/04, 12219.53
2005/04/05, 12163.1
2005/04/06, 12191.28
2005/04/07, 12263.93
2005/04/08, 12178.05
2005/04/11, 12309.48
2005/04/12, 12318.87
2005/04/13, 12253.29
2005/04/14, 12204.64
2005/04/15, 12272.21
2005/04/18, 12422.39
2005/04/19, 12443.67
2005/04/20, 12508.12
2005/04/21, 12633.62
2005/04/22, 12652.0
2005/04/25, 12641.85
2005/04/26, 12572.1
2005/04/27, 12351.52
2005/04/28, 12362.99
2005/04/29, 12386.89
2005/05/02, 12264.87
2005/05/03, 12258.2
2005/05/04, 12318.3
2005/05/05, 12319.25
2005/05/06, 12283.47
2005/05/09, 12160.36
2005/05/10, 12153.46
2005/05/11, 12181.22
2005/05/12, 12094.14
2005/05/13, 11971.66
2005/05/16, 11953.66
2005/05/17, 11909.43
2005/05/18, 11926.85
2005/05/19, 11946.69
2005/05/20, 11913.62
2005/05/23, 11882.96
2005/05/24, 11948.3
2005/05/25, 11906.27
2005/05/26, 11884.33
2005/05/27, 11907.76
2005/05/30, 11830.94
2005/05/31, 11723.7
2005/06/01, 11708.31
2005/06/02, 11741.82
2005/06/03, 11772.86
2005/06/06, 11772.53
2005/06/07, 11738.32
2005/06/08, 11812.55
2005/06/09, 11780.04
2005/06/10, 11739.84
2005/06/13, 11615.71
2005/06/14, 11631.66
2005/06/15, 11595.29
2005/06/16, 11663.72
2005/06/17, 11714.27
2005/06/20, 11773.49
2005/06/21, 11686.31
2005/06/22, 11704.68
2005/06/23, 11643.69
2005/06/24, 11659.13
2005/06/27, 11754.07
2005/06/28, 11732.15
2005/06/29, 11713.47
2005/06/30, 11804.82
2005/07/01, 11815.04
2005/07/04, 11733.43
2005/07/05, 11734.46
2005/07/06, 11650.91
2005/07/07, 11717.86
2005/07/08, 11669.49
2005/07/11, 11720.86
2005/07/12, 11900.78
2005/07/13, 11922.04
2005/07/14, 11834.71
2005/07/15, 11795.32
2005/07/18, 11818.95
2005/07/19, 11748.43
2005/07/20, 11876.02
2005/07/21, 11900.61
2005/07/22, 11882.53
2005/07/25, 11841.8
2005/07/26, 11780.82
2005/07/27, 11787.37
2005/07/28, 11893.09
2005/07/29, 11857.19
2005/08/01, 11952.63
2005/08/02, 11911.58
2005/08/03, 12012.61
2005/08/04, 11998.71
2005/08/05, 12070.16
2005/08/08, 12085.49
2005/08/09, 12113.48
2005/08/10, 12086.14
2005/08/11, 12172.41
2005/08/12, 12207.86
2005/08/15, 12223.04
2005/08/16, 12202.18
2005/08/17, 12173.04
2005/08/18, 12170.25
2005/08/19, 12164.73
2005/08/22, 12235.89
2005/08/23, 12321.69
2005/08/24, 12540.7
2005/08/25, 12670.84
2005/08/26, 12780.82
2005/08/29, 13129.57
2005/08/30, 12729.15
2005/08/31, 12557.84
2005/09/01, 12821.58
2005/09/02, 12979.94
2005/09/05, 12914.14
2005/09/06, 12913.66
2005/09/07, 12899.24
2005/09/08, 12852.63
2005/09/09, 12675.72
2005/09/12, 12436.13
2005/09/13, 12368.07
2005/09/14, 12314.0
2005/09/15, 12302.45
2005/09/16, 12426.65
2005/09/19, 12321.09
2005/09/20, 12378.85
2005/09/21, 12487.84
2005/09/22, 12499.04
2005/09/23, 12390.66
2005/09/26, 12307.71
2005/09/27, 12335.14
2005/09/28, 12482.37
2005/09/29, 12430.92
2005/09/30, 12391.22
2005/10/03, 12290.99
2005/10/04, 12170.79
2005/10/05, 11982.84
2005/10/06, 12151.46
2005/10/07, 12177.4
2005/10/10, 12208.88
2005/10/11, 12106.15
2005/10/12, 12140.09
2005/10/13, 12153.71
2005/10/14, 12130.99
2005/10/17, 12154.24
2005/10/18, 12062.34
2005/10/19, 12075.48
2005/10/20, 12054.6
2005/10/21, 12084.07
2005/10/24, 12015.66
2005/10/25, 11986.96
2005/10/26, 12049.35
2005/10/27, 12154.26
2005/10/28, 12168.35
2005/10/31, 12161.26
2005/11/01, 12139.0
2005/11/02, 12063.95
2005/11/03, 12102.41
2005/11/04, 11998.63
2005/11/07, 11906.77
2005/11/08, 11864.28
2005/11/09, 11667.57
2005/11/10, 11735.54
2005/11/11, 11681.79
2005/11/14, 11715.93
2005/11/15, 11678.67
2005/11/16, 11688.68
2005/11/17, 11750.46
2005/11/18, 11789.95
2005/11/21, 11852.34
2005/11/22, 11771.21
2005/11/23, 11840.77
2005/11/24, 11847.81
2005/11/25, 11823.58
2005/11/28, 11790.49
2005/11/29, 11840.17
2005/11/30, 11810.19
2005/12/01, 11783.17
2005/12/02, 11691.15
2005/12/05, 11719.93
2005/12/06, 11694.63
2005/12/07, 11516.79
2005/12/08, 11499.31
2005/12/09, 11407.88
2005/12/12, 11631.65
2005/12/13, 11665.63
2005/12/14, 11779.6
2005/12/15, 11801.02
2005/12/16, 11839.2
2005/12/19, 11803.33
2005/12/20, 11781.65
2005/12/21, 11664.24
2005/12/22, 11626.94
2005/12/23, 11692.97
2005/12/27, 11644.59
2005/12/28, 11713.43
2005/12/29, 11629.89
2005/12/30, 11596.45
2006/01/02, 11624.96
2006/01/03, 11548.44
2006/01/04, 11666.14
2006/01/05, 11595.41
2006/01/06, 11573.0
2006/01/09, 11425.79
2006/01/10, 11406.51
2006/01/11, 11441.29
2006/01/12, 11349.88
2006/01/13, 11282.95
2006/01/16, 11476.12
2006/01/17, 11435.03
2006/01/18, 11522.99
2006/01/19, 11345.0
2006/01/20, 11386.16
2006/01/23, 11601.77
2006/01/24, 11648.58
2006/01/25, 11491.2
2006/01/26, 11469.74
2006/01/27, 11411.25
2006/01/30, 11341.98
2006/01/31, 11359.41
2006/02/01, 11281.84
2006/02/02, 11281.71
2006/02/03, 11228.79
2006/02/06, 11046.48
2006/02/07, 11003.19
2006/02/08, 11069.82
2006/02/09, 11056.14
2006/02/10, 11048.31
2006/02/13, 10978.57
2006/02/14, 10978.88
2006/02/15, 10971.92
2006/02/16, 10936.04
2006/02/17, 10964.38
2006/02/20, 11014.43
2006/02/21, 11027.93
2006/02/22, 11109.06
2006/02/23, 11078.16
2006/02/24, 11054.36
2006/02/27, 10945.32
2006/02/28, 10904.22
2006/03/01, 10976.76
2006/03/02, 10955.4
2006/03/03, 11040.37
2006/03/06, 11037.61
2006/03/07, 11021.91
2006/03/08, 11097.89
2006/03/09, 11089.77
2006/03/10, 11013.16
2006/03/13, 11021.89
2006/03/14, 10953.93
2006/03/15, 10997.78
2006/03/16, 11067.27
2006/03/17, 11148.67
2006/03/20, 11136.78
2006/03/21, 11069.26
2006/03/22, 10969.51
2006/03/23, 10867.58
2006/03/24, 10915.73
2006/03/27, 10876.61
2006/03/28, 10939.65
2006/03/29, 10990.98
2006/03/30, 11049.7
2006/03/31, 10972.28
2006/04/03, 10889.87
2006/04/04, 10983.08
2006/04/05, 11054.19
2006/04/06, 11086.96
2006/04/07, 10948.92
2006/04/10, 10867.93
2006/04/11, 10888.45
2006/04/12, 10921.59
2006/04/13, 10869.48
2006/04/18, 11005.36
2006/04/19, 10994.11
2006/04/20, 10969.42
2006/04/21, 10941.88
2006/04/24, 10926.95
2006/04/25, 10950.15
2006/04/26, 10949.53
2006/04/27, 10928.04
2006/04/28, 11041.34
2006/05/02, 11103.71
2006/05/03, 11075.81
2006/05/04, 11075.92
2006/05/05, 11152.75
2006/05/08, 11142.37
2006/05/09, 11097.18
2006/05/10, 11145.84
2006/05/11, 11101.07
2006/05/12, 11280.38
2006/05/15, 11710.14
2006/05/16, 11810.87
2006/05/17, 11503.63
2006/05/18, 11729.25
2006/05/19, 11758.41
2006/05/22, 11892.17
2006/05/23, 11891.41
2006/05/24, 12054.24
2006/05/25, 11957.81
2006/05/26, 11850.02
2006/05/29, 11759.69
2006/05/30, 11799.04
2006/05/31, 11909.33
2006/06/01, 11895.42
2006/06/02, 11873.1
2006/06/05, 12025.02
2006/06/06, 12005.52
2006/06/07, 11986.49
2006/06/08, 12002.74
2006/06/09, 11899.46
2006/06/12, 11842.82
2006/06/13, 11936.16
2006/06/14, 11908.47
2006/06/15, 11831.33
2006/06/16, 11765.43
2006/06/19, 11810.36
2006/06/20, 11768.15
2006/06/21, 11826.71
2006/06/22, 11773.61
2006/06/23, 11755.01
2006/06/26, 11807.34
2006/06/27, 11756.43
2006/06/28, 11741.01
2006/06/29, 11734.66
2006/06/30, 11776.05
2006/07/03, 11702.85
2006/07/04, 11593.76
2006/07/05, 11668.13
2006/07/06, 11614.32
2006/07/07, 11589.65
2006/07/10, 11540.56
2006/07/11, 11519.71
2006/07/12, 11589.74
2006/07/13, 11556.07
2006/07/14, 11621.06
2006/07/17, 11655.61
2006/07/18, 11578.64
2006/07/19, 11552.09
2006/07/20, 11587.31
2006/07/21, 11597.13
2006/07/24, 11603.41
2006/07/25, 11524.03
2006/07/26, 11454.17
2006/07/27, 11552.46
2006/07/28, 11517.91
2006/07/31, 11611.59
2006/08/01, 11610.69
2006/08/02, 11658.98
2006/08/03, 11640.3
2006/08/04, 11620.89
2006/08/07, 11654.95
2006/08/08, 11670.65
2006/08/09, 11707.01
2006/08/10, 11633.01
2006/08/11, 11592.04
2006/08/14, 11560.66
2006/08/15, 11574.02
2006/08/16, 11632.04
2006/08/17, 11710.23
2006/08/18, 11605.65
2006/08/21, 11711.72
2006/08/22, 11621.12
2006/08/23, 11658.28
2006/08/24, 11727.53
2006/08/25, 11654.9
2006/08/28, 11678.08
2006/08/29, 11645.67
2006/08/30, 11690.02
2006/08/31, 11690.55
2006/09/01, 11658.34
2006/09/04, 11672.83
2006/09/05, 11631.48
2006/09/06, 11625.64
2006/09/07, 11610.67
2006/09/08, 11602.52
2006/09/11, 11613.33
2006/09/12, 11631.28
2006/09/13, 11551.92
2006/09/14, 11619.28
2006/09/15, 11559.6
2006/09/18, 11587.84
2006/09/19, 11588.53
2006/09/20, 11620.72
2006/09/21, 11636.13
2006/09/22, 11778.82
2006/09/25, 11807.21
2006/09/26, 11684.48
2006/09/27, 11681.96
2006/09/28, 11727.74
2006/09/29, 11678.85
2006/10/02, 11676.54
2006/10/03, 11724.41
2006/10/04, 11694.65
2006/10/05, 11716.04
2006/10/06, 11660.38
2006/10/09, 11630.05
2006/10/10, 11565.68
2006/10/11, 11567.78
2006/10/12, 11552.96
2006/10/13, 11552.9
2006/10/16, 11470.62
2006/10/17, 11465.72
2006/10/18, 11486.25
2006/10/19, 11505.88
2006/10/20, 11554.93
2006/10/23, 11507.57
2006/10/24, 11493.83
2006/10/25, 11485.54
2006/10/26, 11526.88
2006/10/27, 11547.87
2006/10/30, 11572.47
2006/10/31, 11569.23
2006/11/01, 11612.06
2006/11/02, 11633.29
2006/11/03, 11631.38
2006/11/06, 11601.37
2006/11/07, 11640.85
2006/11/08, 11635.74
2006/11/09, 11671.87
2006/11/10, 11727.47
2006/11/13, 11710.58
2006/11/14, 11706.39
2006/11/15, 11746.25
2006/11/16, 11722.7
2006/11/17, 11704.82
2006/11/20, 11754.01
2006/11/21, 11712.0
2006/11/22, 11770.07
2006/11/23, 11826.74
2006/11/24, 11954.6
2006/11/27, 11988.16
2006/11/28, 12076.18
2006/11/29, 12060.36
2006/11/30, 12097.8
2006/12/01, 12144.75
2006/12/04, 12177.74
2006/12/05, 12151.87
2006/12/06, 12105.89
2006/12/07, 12063.7
2006/12/08, 12040.67
2006/12/11, 11974.6
2006/12/12, 12008.33
2006/12/13, 12031.36
2006/12/14, 11963.17
2006/12/15, 11908.11
2006/12/18, 11899.43
2006/12/19, 12026.41
2006/12/20, 12001.53
2006/12/21, 11952.45
2006/12/22, 11975.04
2006/12/27, 11885.87
2006/12/28, 11905.1
2006/12/29, 11844.44
2007/01/02, 11926.41
2007/01/03, 11868.21
2007/01/04, 11808.51
2007/01/05, 11791.96
2007/01/08, 11757.42
2007/01/09, 11761.76
2007/01/10, 11793.1
2007/01/11, 11842.06
2007/01/12, 11771.31
2007/01/15, 11795.72
2007/01/16, 11751.61
2007/01/17, 11757.52
2007/01/18, 11762.9
2007/01/19, 11762.62
2007/01/22, 11758.82
2007/01/23, 11846.84
2007/01/24, 11807.0
2007/01/25, 11803.49
2007/01/26, 11765.71
2007/01/29, 11787.18
2007/01/30, 11804.52
2007/01/31, 11788.14
2007/02/01, 11824.11
2007/02/02, 11818.25
2007/02/05, 11716.51
2007/02/06, 11729.46
2007/02/07, 11738.3
2007/02/08, 11760.1
2007/02/09, 11774.59
2007/02/12, 11716.76
2007/02/13, 11816.81
2007/02/14, 11862.76
2007/02/15, 11877.16
2007/02/16, 11872.7
2007/02/19, 11915.98
2007/02/20, 11912.66
2007/02/21, 11921.2
2007/02/22, 11900.9
2007/02/23, 11925.02
2007/02/26, 11932.83
2007/02/27, 12029.38
2007/02/28, 12063.62
2007/03/01, 12104.18
2007/03/02, 12067.18
2007/03/05, 12108.32
2007/03/06, 12078.2
2007/03/07, 12097.34
2007/03/08, 12063.67
2007/03/09, 12071.03
2007/03/12, 12067.34
2007/03/13, 12179.73
2007/03/14, 12154.07
2007/03/15, 12201.65
2007/03/16, 12294.31
2007/03/19, 12272.02
2007/03/20, 12172.49
2007/03/21, 12143.16
2007/03/22, 12158.09
2007/03/23, 12140.9
2007/03/26, 12075.79
2007/03/27, 12173.13
2007/03/28, 12212.75
2007/03/29, 12187.04
2007/03/30, 12152.68
2007/04/02, 12182.44
2007/04/03, 12145.76
2007/04/04, 12171.68
2007/04/05, 12169.43
2007/04/10, 12217.66
2007/04/11, 12190.25
2007/04/12, 12269.78
2007/04/13, 12308.71
2007/04/16, 12320.34
2007/04/17, 12312.65
2007/04/18, 12341.49
2007/04/19, 12380.31
2007/04/20, 12368.53
2007/04/23, 12322.64
2007/04/24, 12344.0
2007/04/25, 12396.02
2007/04/26, 12345.17
2007/04/27, 12384.43
2007/04/30, 12357.42
2007/05/02, 12327.71
2007/05/03, 12315.0
2007/05/04, 12170.32
2007/05/07, 12096.93
2007/05/08, 12052.38
2007/05/09, 11931.1
2007/05/10, 11856.42
2007/05/11, 11962.08
2007/05/14, 11923.12
2007/05/15, 11920.21
2007/05/16, 11951.91
2007/05/17, 11887.32
2007/05/18, 11886.71
2007/05/21, 11776.94
2007/05/22, 11676.73
2007/05/23, 11749.79
2007/05/24, 11753.55
2007/05/25, 11760.88
2007/05/28, 11761.96
2007/05/29, 11908.18
2007/05/30, 11863.28
2007/05/31, 11879.0
2007/06/01, 11859.96
2007/06/04, 11830.46
2007/06/05, 11901.39
2007/06/06, 12033.33
2007/06/07, 11954.63
2007/06/08, 12154.26
2007/06/11, 12119.66
2007/06/12, 11983.81
2007/06/13, 12068.58
2007/06/14, 12066.73
2007/06/15, 12043.18
2007/06/18, 11929.56
2007/06/19, 11962.18
2007/06/20, 12010.45
2007/06/21, 12077.4
2007/06/22, 12103.62
2007/06/25, 12162.01
2007/06/26, 12221.68
2007/06/27, 12272.93
2007/06/28, 12224.67
2007/06/29, 12201.77
2007/07/02, 12246.86
2007/07/03, 12261.3
2007/07/04, 12266.41
2007/07/05, 12289.64
2007/07/06, 12297.58
2007/07/09, 12286.14
2007/07/10, 12296.67
2007/07/11, 12422.4
2007/07/12, 12491.93
2007/07/13, 12434.81
2007/07/16, 12464.91
2007/07/17, 12469.64
2007/07/18, 12538.89
2007/07/19, 12562.38
2007/07/20, 12502.07
2007/07/23, 12539.1
2007/07/24, 12508.49
2007/07/25, 12513.0
2007/07/26, 12539.16
2007/07/27, 12552.09
2007/07/30, 12579.94
2007/07/31, 12644.71
2007/08/01, 12713.42
2007/08/02, 12707.52
2007/08/03, 12698.45
2007/08/06, 12850.74
2007/08/07, 12876.7
2007/08/08, 12820.83
2007/08/09, 12809.16
2007/08/10, 12759.34
2007/08/13, 12753.45
2007/08/14, 12714.38
2007/08/15, 12702.48
2007/08/16, 12701.24
2007/08/17, 12747.67
2007/08/20, 12653.96
2007/08/21, 12751.55
2007/08/22, 12676.67
2007/08/23, 12695.76
2007/08/24, 12804.91
2007/08/27, 12811.2
2007/08/28, 12837.33
2007/08/29, 12833.59
2007/08/30, 12820.62
2007/08/31, 12869.0
2007/09/03, 12799.08
2007/09/04, 12771.99
2007/09/05, 12770.68
2007/09/06, 12845.44
2007/09/07, 12870.82
2007/09/10, 12987.99
2007/09/11, 13049.86
2007/09/12, 13062.31
2007/09/13, 13066.65
2007/09/14, 13000.68
2007/09/17, 13027.03
2007/09/18, 13003.78
2007/09/19, 12891.94
2007/09/20, 12851.48
2007/09/21, 12868.88
2007/09/24, 12878.11
2007/09/25, 12931.68
2007/09/26, 12941.74
2007/09/27, 12960.52
2007/09/28, 12966.7
2007/10/01, 12929.77
2007/10/02, 12876.69
2007/10/03, 12951.52
2007/10/04, 12874.46
2007/10/05, 12849.62
2007/10/08, 12778.72
2007/10/09, 12738.58
2007/10/10, 12837.5
2007/10/11, 12864.29
2007/10/12, 12840.74
2007/10/15, 12888.76
2007/10/16, 12819.9
2007/10/17, 12914.9
2007/10/18, 13001.37
2007/10/19, 12987.79
2007/10/22, 12940.64
2007/10/23, 13028.16
2007/10/24, 13059.58
2007/10/25, 13099.89
2007/10/26, 13121.8
2007/10/29, 13088.61
2007/10/30, 13117.57
2007/10/31, 13142.44
2007/11/01, 13135.03
2007/11/02, 13222.95
2007/11/05, 13271.01
2007/11/06, 13263.23
2007/11/07, 13426.46
2007/11/08, 13396.66
2007/11/09, 13398.24
2007/11/12, 13368.94
2007/11/13, 13415.07
2007/11/14, 13553.4
2007/11/15, 13631.84
2007/11/16, 13654.73
2007/11/19, 13672.18
2007/11/20, 13823.98
2007/11/21, 13932.57
2007/11/22, 13910.34
2007/11/23, 13870.11
2007/11/26, 13924.61
2007/11/27, 13981.56
2007/11/28, 13887.99
2007/11/29, 13824.24
2007/11/30, 13831.06
2007/12/03, 13683.38
2007/12/04, 13698.81
2007/12/05, 13638.08
2007/12/06, 13484.28
2007/12/07, 13583.29
2007/12/10, 13637.7
2007/12/11, 13608.28
2007/12/12, 13648.48
2007/12/13, 13669.87
2007/12/14, 13533.27
2007/12/17, 13551.01
2007/12/18, 13543.83
2007/12/19, 13565.06
2007/12/20, 13531.11
2007/12/21, 13556.75
2007/12/24, 13555.72
2007/12/27, 13670.44
2007/12/28, 13802.4
2007/12/31, 13826.7
2008/01/02, 13777.34
2008/01/03, 13893.64
2008/01/04, 13894.92
2008/01/07, 13899.25
2008/01/08, 13896.96
2008/01/09, 13857.19
2008/01/10, 13837.26
2008/01/11, 13956.99
2008/01/14, 14045.99
2008/01/15, 14037.5
2008/01/16, 13971.04
2008/01/17, 13863.9
2008/01/18, 13863.26
2008/01/21, 13699.97
2008/01/22, 13740.31
2008/01/23, 13684.99
2008/01/24, 13748.76
2008/01/25, 13719.77
2008/01/28, 13795.93
2008/01/29, 13772.87
2008/01/30, 13754.79
2008/01/31, 13749.55
2008/02/01, 13709.05
2008/02/04, 13664.18
2008/02/05, 13527.65
2008/02/06, 13512.73
2008/02/07, 13464.67
2008/02/08, 13406.38
2008/02/11, 13487.71
2008/02/12, 13469.46
2008/02/13, 13506.64
2008/02/14, 13477.86
2008/02/15, 13456.06
2008/02/18, 13408.04
2008/02/19, 13518.41
2008/02/20, 13468.86
2008/02/21, 13505.54
2008/02/22, 13618.59
2008/02/25, 13527.92
2008/02/26, 13516.0
2008/02/27, 13619.33
2008/02/28, 13722.31
2008/02/29, 13800.0
2008/03/03, 13849.93
2008/03/04, 13814.65
2008/03/05, 13811.64
2008/03/06, 13879.01
2008/03/07, 13967.8
2008/03/10, 14082.12
2008/03/11, 14128.69
2008/03/12, 14176.93
2008/03/13, 14354.21
2008/03/14, 14367.47
2008/03/17, 14610.91
2008/03/18, 14509.32
2008/03/19, 14413.1
2008/03/20, 14243.14
2008/03/25, 14300.13
2008/03/26, 14437.49
2008/03/27, 14523.12
2008/03/28, 14540.22
2008/03/31, 14570.76
2008/04/01, 14443.22
2008/04/02, 14350.18
2008/04/03, 14361.55
2008/04/04, 14519.27
2008/04/07, 14429.71
2008/04/08, 14430.63
2008/04/09, 14483.65
2008/04/10, 14593.09
2008/04/11, 14539.44
2008/04/14, 14583.61
2008/04/15, 14553.85
2008/04/16, 14639.42
2008/04/17, 14586.37
2008/04/18, 14493.93
2008/04/21, 14602.31
2008/04/22, 14632.62
2008/04/23, 14680.74
2008/04/24, 14539.02
2008/04/25, 14387.31
2008/04/28, 14401.2
2008/04/29, 14356.46
2008/04/30, 14330.99
2008/05/02, 14260.01
2008/05/05, 14243.3
2008/05/06, 14301.29
2008/05/07, 14234.18
2008/05/08, 14242.02
2008/05/09, 14283.19
2008/05/12, 14263.49
2008/05/13, 14328.0
2008/05/14, 14350.55
2008/05/15, 14406.29
2008/05/16, 14389.89
2008/05/19, 14455.46
2008/05/20, 14520.81
2008/05/21, 14637.69
2008/05/22, 14667.91
2008/05/23, 14660.52
2008/05/26, 14736.54
2008/05/27, 14711.96
2008/05/28, 14560.08
2008/05/29, 14477.98
2008/05/30, 14445.7
2008/06/02, 14442.29
2008/06/03, 14517.08
2008/06/04, 14407.35
2008/06/05, 14331.56
2008/06/06, 14544.2
2008/06/09, 14734.36
2008/06/10, 14493.52
2008/06/11, 14436.71
2008/06/12, 14376.35
2008/06/13, 14277.82
2008/06/16, 14400.06
2008/06/17, 14398.25
2008/06/18, 14385.25
2008/06/19, 14377.2
2008/06/20, 14454.86
2008/06/23, 14392.62
2008/06/24, 14420.64
2008/06/25, 14436.87
2008/06/26, 14464.65
2008/06/27, 14511.78
2008/06/30, 14550.17
2008/07/01, 14544.55
2008/07/02, 14565.23
2008/07/03, 14630.09
2008/07/04, 14436.13
2008/07/07, 14415.35
2008/07/08, 14439.88
2008/07/09, 14415.37
2008/07/10, 14386.96
2008/07/11, 14501.69
2008/07/14, 14502.38
2008/07/15, 14614.86
2008/07/16, 14523.22
2008/07/17, 14498.67
2008/07/18, 14468.48
2008/07/21, 14513.24
2008/07/22, 14562.7
2008/07/23, 14390.42
2008/07/24, 14316.24
2008/07/25, 14352.55
2008/07/28, 14357.99
2008/07/29, 14327.67
2008/07/30, 14221.84
2008/07/31, 14198.2
2008/08/01, 14166.11
2008/08/04, 14144.82
2008/08/05, 14059.1
2008/08/06, 14042.42
2008/08/07, 14078.61
2008/08/08, 13822.86
2008/08/11, 13773.51
2008/08/12, 13669.72
2008/08/13, 13680.95
2008/08/14, 13685.37
2008/08/15, 13535.95
2008/08/18, 13512.98
2008/08/19, 13485.23
2008/08/20, 13496.34
2008/08/21, 13556.29
2008/08/22, 13534.51
2008/08/25, 13526.57
2008/08/26, 13393.67
2008/08/27, 13526.57
2008/08/28, 13530.24
2008/08/29, 13482.53
2008/09/01, 13392.84
2008/09/02, 13369.24
2008/09/03, 13295.83
2008/09/04, 13344.9
2008/09/05, 13356.56
2008/09/08, 13217.6
2008/09/09, 13182.21
2008/09/10, 13149.7
2008/09/11, 13132.8
2008/09/12, 13264.24
2008/09/15, 13372.7
2008/09/16, 13489.45
2008/09/17, 13370.56
2008/09/18, 13631.88
2008/09/19, 13346.25
2008/09/22, 13536.46
2008/09/23, 13744.02
2008/09/24, 13713.12
2008/09/25, 13777.58
2008/09/26, 13739.64
2008/09/29, 13549.76
2008/09/30, 13487.73
2008/10/01, 13370.85
2008/10/02, 13110.53
2008/10/03, 13045.46
2008/10/06, 13075.01
2008/10/07, 13018.56
2008/10/08, 13279.25
2008/10/09, 13168.93
2008/10/10, 13388.89
2008/10/13, 13393.5
2008/10/14, 13366.94
2008/10/15, 13325.25
2008/10/16, 13473.23
2008/10/17, 13139.27
2008/10/20, 13215.93
2008/10/21, 12979.65
2008/10/22, 12714.57
2008/10/23, 12810.0
2008/10/24, 12864.29
2008/10/27, 13643.7
2008/10/28, 13528.08
2008/10/29, 13791.6
2008/10/30, 13914.86
2008/10/31, 13905.13
2008/11/03, 14104.2
2008/11/04, 13973.8
2008/11/05, 14141.56
2008/11/06, 14047.0
2008/11/07, 14159.16
2008/11/10, 14180.1
2008/11/11, 14499.71
2008/11/12, 14472.15
2008/11/13, 14842.13
2008/11/14, 14956.5
2008/11/17, 15065.4
2008/11/18, 15278.5
2008/11/19, 15413.48
2008/11/20, 15363.95
2008/11/21, 15626.48
2008/11/24, 16030.12
2008/11/25, 16013.75
2008/11/26, 15974.73
2008/11/27, 15963.75
2008/11/28, 15590.58
2008/12/01, 15633.92
2008/12/02, 15871.25
2008/12/03, 15274.0
2008/12/04, 15049.35
2008/12/05, 14754.73
2008/12/08, 14974.91
2008/12/09, 14185.99
2008/12/10, 14185.19
2008/12/11, 14602.58
2008/12/12, 15074.2
2008/12/15, 15117.69
2008/12/16, 15282.15
2008/12/17, 15500.05
2008/12/18, 16150.68
2008/12/19, 15438.55
2008/12/22, 15786.1
2008/12/23, 15620.42
2008/12/24, 15720.61
2008/12/29, 15839.7
2008/12/30, 15507.8
2008/12/31, 15239.12
2009/01/02, 15391.26
2009/01/05, 15076.02
2009/01/06, 14665.2
2009/01/07, 14750.58
2009/01/08, 15019.55
2009/01/09, 15035.98
2009/01/12, 14967.8
2009/01/13, 14935.66
2009/01/14, 14657.6
2009/01/15, 14727.17
2009/01/16, 14634.16
2009/01/19, 14618.84
2009/01/20, 14622.54
2009/01/21, 14459.2
2009/01/22, 14607.0
2009/01/23, 14496.74
2009/01/26, 14717.67
2009/01/27, 14919.56
2009/01/28, 15016.95
2009/01/29, 14913.76
2009/01/30, 14610.24
2009/02/02, 15009.59
2009/02/03, 15001.21
2009/02/04, 15061.15
2009/02/05, 14962.46
2009/02/06, 15067.29
2009/02/09, 15303.91
2009/02/10, 15326.99
2009/02/11, 15331.53
2009/02/12, 15348.27
2009/02/13, 15195.26
2009/02/16, 15266.94
2009/02/17, 15539.82
2009/02/18, 15178.18
2009/02/19, 15347.64
2009/02/20, 15235.11
2009/02/23, 15255.22
2009/02/24, 15315.6
2009/02/25, 15385.99
2009/02/26, 15386.97
2009/02/27, 15147.51
2009/03/02, 15215.97
2009/03/03, 15131.69
2009/03/04, 15153.89
2009/03/05, 15222.94
2009/03/06, 15303.52
2009/03/09, 15090.57
2009/03/10, 15269.29
2009/03/11, 15375.17
2009/03/12, 15427.87
2009/03/13, 15453.74
2009/03/16, 15585.19
2009/03/17, 15530.4
2009/03/18, 15677.22
2009/03/19, 16357.35
2009/03/20, 15974.27
2009/03/23, 15693.39
2009/03/24, 15397.98
2009/03/25, 15754.25
2009/03/26, 15797.73
2009/03/27, 15285.26
2009/03/30, 15244.51
2009/03/31, 15570.36
2009/04/01, 15471.33
2009/04/02, 15374.02
2009/04/03, 15382.37
2009/04/06, 15284.22
2009/04/07, 15077.56
2009/04/08, 14988.08
2009/04/09, 15098.04
2009/04/14, 14470.84
2009/04/15, 14351.98
2009/04/16, 14119.72
2009/04/17, 14037.35
2009/04/20, 13925.48
2009/04/21, 14063.55
2009/04/22, 14112.23
2009/04/23, 14257.13
2009/04/24, 14290.56
2009/04/27, 14207.81
2009/04/28, 14135.3
2009/04/29, 14333.91
2009/04/30, 14071.5
2009/05/04, 13897.63
2009/05/05, 14106.66
2009/05/06, 13885.52
2009/05/07, 13891.45
2009/05/08, 13915.01
2009/05/11, 14114.82
2009/05/12, 14171.36
2009/05/13, 14094.96
2009/05/14, 14092.17
2009/05/15, 14106.1
2009/05/18, 14006.04
2009/05/19, 13946.3
2009/05/20, 14093.38
2009/05/21, 14284.74
2009/05/22, 14289.74
2009/05/25, 14286.69
2009/05/26, 14279.65
2009/05/27, 14441.13
2009/05/28, 14306.32
2009/05/29, 14539.26
2009/06/01, 14548.56
2009/06/02, 14609.18
2009/06/03, 14378.47
2009/06/04, 14218.04
2009/06/05, 14078.75
2009/06/08, 13973.65
2009/06/09, 14066.46
2009/06/10, 14109.8
2009/06/11, 14150.14
2009/06/12, 14138.5
2009/06/15, 14090.25
2009/06/16, 14202.52
2009/06/17, 14223.55
2009/06/18, 14310.78
2009/06/19, 14491.0
2009/06/22, 14494.01
2009/06/23, 14691.82
2009/06/24, 14564.2
2009/06/25, 14328.78
2009/06/26, 14407.13
2009/06/29, 14435.59
2009/06/30, 14427.58
2009/07/01, 14421.33
2009/07/02, 14374.42
2009/07/03, 14274.83
2009/07/06, 14217.14
2009/07/07, 14374.43
2009/07/08, 14248.39
2009/07/09, 14193.23
2009/07/10, 14174.11
2009/07/13, 14310.09
2009/07/14, 14284.31
2009/07/15, 14275.68
2009/07/16, 14305.53
2009/07/17, 14340.05
2009/07/20, 14202.88
2009/07/21, 14301.78
2009/07/22, 14316.74
2009/07/23, 14268.07
2009/07/24, 14226.34
2009/07/27, 14222.2
2009/07/28, 14121.19
2009/07/29, 14043.96
2009/07/30, 13989.56
2009/07/31, 14068.37
2009/08/03, 14163.96
2009/08/04, 14208.64
2009/08/05, 14279.88
2009/08/06, 14275.85
2009/08/07, 14308.44
2009/08/10, 14103.4
2009/08/11, 14054.16
2009/08/12, 14162.71
2009/08/13, 14225.1
2009/08/14, 14246.96
2009/08/17, 14119.06
2009/08/18, 14133.0
2009/08/19, 14296.39
2009/08/20, 14326.89
2009/08/21, 14352.49
2009/08/24, 14331.16
2009/08/25, 14359.3
2009/08/26, 14406.62
2009/08/27, 14506.97
2009/08/28, 14435.32
2009/08/31, 14390.15
2009/09/01, 14477.49
2009/09/02, 14450.56
2009/09/03, 14493.04
2009/09/04, 14426.36
2009/09/07, 14417.23
2009/09/08, 14458.52
2009/09/09, 14411.86
2009/09/10, 14451.39
2009/09/11, 14468.46
2009/09/14, 14495.38
2009/09/15, 14502.11
2009/09/16, 14215.86
2009/09/17, 14265.77
2009/09/18, 14263.53
2009/09/21, 14218.74
2009/09/22, 14316.85
2009/09/23, 14341.48
2009/09/24, 14257.22
2009/09/25, 14164.36
2009/09/28, 14255.42
2009/09/29, 14148.9
2009/09/30, 14130.03
2009/10/01, 13994.67
2009/10/02, 14021.41
2009/10/05, 13957.02
2009/10/06, 13861.21
2009/10/07, 13853.11
2009/10/08, 13927.08
2009/10/09, 13945.55
2009/10/12, 14012.1
2009/10/13, 14039.86
2009/10/14, 13941.08
2009/10/15, 13884.77
2009/10/16, 13974.08
2009/10/19, 14022.02
2009/10/20, 14065.91
2009/10/21, 14067.93
2009/10/22, 14352.61
2009/10/23, 14171.37
2009/10/26, 14258.99
2009/10/27, 14257.68
2009/10/28, 14282.26
2009/10/29, 14188.12
2009/10/30, 14180.74
2009/11/02, 14121.69
2009/11/03, 14137.59
2009/11/04, 14037.18
2009/11/05, 14136.56
2009/11/06, 14059.59
2009/11/09, 14100.1
2009/11/10, 14089.57
2009/11/11, 14126.32
2009/11/12, 14066.34
2009/11/13, 13935.33
2009/11/16, 14060.07
2009/11/17, 13987.41
2009/11/18, 14079.05
2009/11/19, 14208.07
2009/11/20, 14026.59
2009/11/23, 14159.25
2009/11/24, 14245.62
2009/11/25, 14168.09
2009/11/26, 14233.28
2009/11/27, 14224.11
2009/11/30, 14222.64
2009/12/01, 14250.6
2009/12/02, 14238.3
2009/12/03, 14248.95
2009/12/04, 14186.89
2009/12/07, 13966.6
2009/12/08, 14045.58
2009/12/09, 13975.37
2009/12/10, 13905.61
2009/12/11, 13936.05
2009/12/14, 13870.61
2009/12/15, 13777.64
2009/12/16, 13808.21
2009/12/17, 13643.99
2009/12/18, 13627.79
2009/12/21, 13654.58
2009/12/22, 13543.2
2009/12/23, 13574.46
2009/12/24, 13646.65
2009/12/28, 13615.3
2009/12/29, 13624.39
2009/12/30, 13511.53
2009/12/31, 13626.13
2010/01/04, 13542.61
2010/01/05, 13485.1
2010/01/06, 13376.56
2010/01/07, 13265.41
2010/01/08, 13271.75
2010/01/11, 13296.15
2010/01/12, 13281.14
2010/01/13, 13324.06
2010/01/14, 13277.04
2010/01/15, 13245.61
2010/01/18, 13268.3
2010/01/19, 13264.32
2010/01/20, 13193.21
2010/01/21, 13127.0
2010/01/22, 13214.02
2010/01/25, 13211.91
2010/01/26, 13244.97
2010/01/27, 13261.49
2010/01/28, 13050.19
2010/01/29, 13071.23
2010/02/01, 13074.66
2010/02/02, 13037.03
2010/02/03, 12987.4
2010/02/04, 12942.49
2010/02/05, 12938.22
2010/02/08, 12861.76
2010/02/09, 12878.09
2010/02/10, 12871.34
2010/02/11, 12850.95
2010/02/12, 12674.61
2010/02/15, 12722.54
2010/02/16, 12712.64
2010/02/17, 12739.58
2010/02/18, 12638.17
2010/02/19, 12620.45
2010/02/22, 12667.32
2010/02/23, 12625.71
2010/02/24, 12616.76
2010/02/25, 12609.31
2010/02/26, 12652.04
2010/03/01, 12519.7
2010/03/02, 12600.11
2010/03/03, 12644.45
2010/03/04, 12667.29
2010/03/05, 12542.52
2010/03/08, 12550.47
2010/03/09, 12487.33
2010/03/10, 12484.0
2010/03/11, 12542.26
2010/03/12, 12568.35
2010/03/15, 12566.08
2010/03/16, 12581.48
2010/03/17, 12562.44
2010/03/18, 12483.42
2010/03/19, 12336.82
2010/03/22, 12296.59
2010/03/23, 12328.89
2010/03/24, 12180.34
2010/03/25, 12173.12
2010/03/26, 12169.47
2010/03/29, 12240.18
2010/03/30, 12241.67
2010/03/31, 12227.26
2010/04/01, 12249.89
2010/04/06, 12125.98
2010/04/07, 12075.67
2010/04/08, 12060.75
2010/04/09, 12091.56
2010/04/12, 12247.8
2010/04/13, 12269.52
2010/04/14, 12257.63
2010/04/15, 12200.43
2010/04/16, 12194.89
2010/04/19, 12155.27
2010/04/20, 12141.23
2010/04/21, 12049.52
2010/04/22, 12024.89
2010/04/23, 11993.66
2010/04/26, 12000.7
2010/04/27, 11970.34
2010/04/28, 11979.43
2010/04/29, 11948.32
2010/04/30, 11996.54
2010/05/03, 11950.29
2010/05/04, 11814.18
2010/05/05, 11819.16
2010/05/06, 11688.58
2010/05/07, 11757.5
2010/05/10, 11772.16
2010/05/11, 11548.38
2010/05/12, 11575.72
2010/05/13, 11459.1
2010/05/14, 11403.86
2010/05/17, 11273.27
2010/05/18, 11347.23
2010/05/19, 11279.05
2010/05/20, 11297.49
2010/05/21, 11578.94
2010/05/24, 11446.75
2010/05/25, 11428.04
2010/05/26, 11397.23
2010/05/27, 11356.57
2010/05/28, 11387.55
2010/05/31, 11276.14
2010/06/01, 11249.9
2010/06/02, 11314.93
2010/06/03, 11276.7
2010/06/04, 11075.21
2010/06/07, 11126.46
2010/06/08, 11119.4
2010/06/09, 11111.88
2010/06/10, 11128.38
2010/06/11, 11138.19
2010/06/14, 11142.46
2010/06/15, 11263.11
2010/06/16, 11254.79
2010/06/17, 11281.05
2010/06/18, 11328.86
2010/06/21, 11163.58
2010/06/22, 11061.54
2010/06/23, 11109.73
2010/06/24, 11111.19
2010/06/25, 11152.12
2010/06/28, 11142.6
2010/06/29, 11052.67
2010/06/30, 11121.85
2010/07/01, 11160.96
2010/07/02, 11374.57
2010/07/05, 11356.67
2010/07/06, 11405.1
2010/07/07, 11408.78
2010/07/08, 11474.25
2010/07/09, 11429.32
2010/07/12, 11382.66
2010/07/13, 11382.54
2010/07/14, 11489.46
2010/07/15, 11591.5
2010/07/16, 11757.68
2010/07/19, 11740.88
2010/07/20, 11666.48
2010/07/21, 11613.14
2010/07/22, 11634.64
2010/07/23, 11668.2
2010/07/26, 11679.47
2010/07/27, 11750.25
2010/07/28, 11694.93
2010/07/29, 11720.52
2010/07/30, 11647.09
2010/08/02, 11687.4
2010/08/03, 11815.96
2010/08/04, 11828.98
2010/08/05, 11776.61
2010/08/06, 11783.16
2010/08/09, 11838.69
2010/08/10, 11765.68
2010/08/11, 11693.98
2010/08/12, 11534.29
2010/08/13, 11492.1
2010/08/16, 11513.77
2010/08/17, 11526.27
2010/08/18, 11547.73
2010/08/19, 11511.58
2010/08/20, 11400.52
2010/08/23, 11405.42
2010/08/24, 11331.57
2010/08/25, 11329.59
2010/08/26, 11402.04
2010/08/27, 11501.8
2010/08/30, 11452.86
2010/08/31, 11471.82
2010/09/01, 11511.57
2010/09/02, 11545.73
2010/09/03, 11553.45
2010/09/06, 11572.66
2010/09/07, 11493.73
2010/09/08, 11419.08
2010/09/09, 11390.0
2010/09/10, 11383.9
2010/09/13, 11435.39
2010/09/14, 11519.41
2010/09/15, 11654.04
2010/09/16, 11719.23
2010/09/17, 11713.52
2010/09/20, 11737.59
2010/09/21, 11760.82
2010/09/22, 11956.81
2010/09/23, 11940.92
2010/09/24, 12010.22
2010/09/27, 12058.01
2010/09/28, 12054.77
2010/09/29, 12151.22
2010/09/30, 12173.44
2010/10/01, 12232.0
2010/10/04, 12248.04
2010/10/05, 12310.68
2010/10/06, 12357.62
2010/10/07, 12467.7
2010/10/08, 12393.04
2010/10/11, 12439.09
2010/10/12, 12365.2
2010/10/13, 12461.72
2010/10/14, 12574.79
2010/10/15, 12530.82
2010/10/18, 12412.48
2010/10/19, 12386.04
2010/10/20, 12389.96
2010/10/21, 12520.42
2010/10/22, 12457.54
2010/10/25, 12485.42
2010/10/26, 12410.75
2010/10/27, 12340.46
2010/10/28, 12382.71
2010/10/29, 12383.89
2010/11/01, 12424.86
2010/11/02, 12511.26
2010/11/03, 12497.56
2010/11/04, 12661.75
2010/11/05, 12541.46
2010/11/08, 12396.12
2010/11/09, 12421.33
2010/11/10, 12243.64
2010/11/11, 12206.66
2010/11/12, 12235.68
2010/11/15, 12212.3
2010/11/16, 12197.34
2010/11/17, 12140.18
2010/11/18, 12203.7
2010/11/19, 12255.28
2010/11/22, 12192.05
2010/11/23, 12129.3
2010/11/24, 11959.96
2010/11/25, 11944.66
2010/11/26, 11919.98
2010/11/29, 11867.78
2010/11/30, 11765.09
2010/12/01, 11812.03
2010/12/02, 11857.07
2010/12/03, 11924.57
2010/12/06, 11983.86
2010/12/07, 12030.63
2010/12/08, 11911.96
2010/12/09, 11919.04
2010/12/10, 11947.46
2010/12/13, 11961.04
2010/12/14, 12104.46
2010/12/15, 12061.15
2010/12/16, 11964.29
2010/12/17, 11976.33
2010/12/20, 11886.0
2010/12/21, 11894.14
2010/12/22, 11856.37
2010/12/23, 11824.28
2010/12/24, 11842.02
2010/12/27, 11866.25
2010/12/28, 11898.93
2010/12/29, 11822.75
2010/12/30, 11933.16
2010/12/31, 12002.14
2011/01/03, 11979.69
2011/01/04, 12053.57
2011/01/05, 11862.2
2011/01/06, 11778.06
2011/01/07, 11703.25
2011/01/10, 11738.82
2011/01/11, 11756.42
2011/01/12, 11715.84
2011/01/13, 11967.43
2011/01/14, 12030.62
2011/01/17, 12085.48
2011/01/18, 12103.98
2011/01/19, 12228.87
2011/01/20, 12209.23
2011/01/21, 12251.25
2011/01/24, 12319.03
2011/01/25, 12305.86
2011/01/26, 12365.11
2011/01/27, 12391.33
2011/01/28, 12379.37
2011/01/31, 12401.38
2011/02/01, 12418.7
2011/02/02, 12462.41
2011/02/03, 12436.82
2011/02/04, 12210.64
2011/02/07, 12114.61
2011/02/08, 12155.4
2011/02/09, 12180.12
2011/02/10, 12165.92
2011/02/11, 12107.49
2011/02/14, 11978.93
2011/02/15, 12015.55
2011/02/16, 12008.79
2011/02/17, 12035.99
2011/02/18, 12065.48
2011/02/21, 12095.94
2011/02/22, 12131.37
2011/02/23, 12156.39
2011/02/24, 12219.39
2011/02/25, 12162.05
2011/02/28, 12196.5
2011/03/01, 12163.51
2011/03/02, 12171.77
2011/03/03, 12196.03
2011/03/04, 12285.63
2011/03/07, 12321.23
2011/03/08, 12212.12
2011/03/09, 12217.55
2011/03/10, 12134.82
2011/03/11, 12093.52
2011/03/14, 12221.5
2011/03/15, 12254.64
2011/03/16, 12242.84
2011/03/17, 12298.92
2011/03/18, 12393.86
2011/03/21, 12387.1
2011/03/22, 12382.64
2011/03/23, 12312.12
2011/03/24, 12295.38
2011/03/25, 12303.36
2011/03/28, 12231.91
2011/03/29, 12257.24
2011/03/30, 12308.75
2011/03/31, 12366.75
2011/04/01, 12304.27
2011/04/04, 12343.23
2011/04/05, 12261.98
2011/04/06, 12371.78
2011/04/07, 12387.16
2011/04/08, 12454.48
2011/04/11, 12489.76
2011/04/12, 12520.26
2011/04/13, 12546.36
2011/04/14, 12513.34
2011/04/15, 12520.27
2011/04/18, 12383.47
2011/04/19, 12422.61
2011/04/20, 12554.66
2011/04/21, 12584.5
2011/04/26, 12639.62
2011/04/27, 12651.8
2011/04/28, 12698.33
2011/04/29, 12728.25
2011/05/02, 12674.04
2011/05/03, 12640.85
2011/05/04, 12727.06
2011/05/05, 12732.19
2011/05/06, 12439.65
2011/05/09, 12323.02
2011/05/10, 12281.91
2011/05/11, 12236.29
2011/05/12, 12167.45
2011/05/13, 12217.61
2011/05/16, 12163.55
2011/05/17, 12153.35
2011/05/18, 12180.88
2011/05/19, 12201.08
2011/05/20, 12166.5
2011/05/23, 12043.97
2011/05/24, 12072.47
2011/05/25, 12091.88
2011/05/26, 12161.57
2011/05/27, 12224.56
2011/05/30, 12198.39
2011/05/31, 12288.98
2011/06/01, 12307.4
2011/06/02, 12352.75
2011/06/03, 12351.57
2011/06/06, 12432.61
2011/06/07, 12471.67
2011/06/08, 12434.21
2011/06/09, 12454.78
2011/06/10, 12342.93
2011/06/13, 12270.32
2011/06/14, 12333.84
2011/06/15, 12217.93
2011/06/16, 12126.46
2011/06/17, 12267.05
2011/06/20, 12267.45
2011/06/21, 12361.23
2011/06/22, 12377.65
2011/06/23, 12226.0
2011/06/24, 12232.84
2011/06/27, 12249.99
2011/06/28, 12305.45
2011/06/29, 12412.97
2011/06/30, 12397.41
2011/07/01, 12371.01
