1999/01/04, 8.855
1999/01/05, 8.7745
1999/01/06, 8.7335
1999/01/07, 8.6295
1999/01/08, 8.59
1999/01/11, 8.5585
1999/01/12, 8.61
1999/01/13, 8.747
1999/01/14, 8.7245
1999/01/15, 8.715
1999/01/18, 8.6575
1999/01/19, 8.63
1999/01/20, 8.6
1999/01/21, 8.605
1999/01/22, 8.6225
1999/01/25, 8.6125
1999/01/26, 8.6125
1999/01/27, 8.5985
1999/01/28, 8.57
1999/01/29, 8.5785
1999/02/01, 8.5395
1999/02/02, 8.5845
1999/02/03, 8.625
1999/02/04, 8.6425
1999/02/05, 8.6725
1999/02/08, 8.62
1999/02/09, 8.6505
1999/02/10, 8.6425
1999/02/11, 8.6435
1999/02/12, 8.6075
1999/02/15, 8.593
1999/02/16, 8.6205
1999/02/17, 8.6955
1999/02/18, 8.7385
1999/02/19, 8.7075
1999/02/22, 8.6885
1999/02/23, 8.6745
1999/02/24, 8.654
1999/02/25, 8.6965
1999/02/26, 8.6965
1999/03/01, 8.6475
1999/03/02, 8.652
1999/03/03, 8.6475
1999/03/04, 8.6155
1999/03/05, 8.58
1999/03/08, 8.5785
1999/03/09, 8.5605
1999/03/10, 8.5435
1999/03/11, 8.501
1999/03/12, 8.5285
1999/03/15, 8.5275
1999/03/16, 8.5515
1999/03/17, 8.54
1999/03/18, 8.479
1999/03/19, 8.4515
1999/03/22, 8.4445
1999/03/23, 8.4435
1999/03/24, 8.448
1999/03/25, 8.4635
1999/03/26, 8.376
1999/03/29, 8.3635
1999/03/30, 8.3585
1999/03/31, 8.3475
1999/04/01, 8.3425
1999/04/02, 8.346
1999/04/05, 8.3505
1999/04/06, 8.3345
1999/04/07, 8.3685
1999/04/08, 8.4105
1999/04/09, 8.412
1999/04/12, 8.4048
1999/04/13, 8.3645
1999/04/14, 8.341
1999/04/15, 8.345
1999/04/16, 8.2875
1999/04/19, 8.2685
1999/04/20, 8.2755
1999/04/21, 8.256
1999/04/22, 8.2645
1999/04/23, 8.2765
1999/04/26, 8.2668
1999/04/27, 8.2765
1999/04/28, 8.296
1999/04/29, 8.2695
1999/04/30, 8.2515
1999/05/03, 8.2445
1999/05/04, 8.2385
1999/05/05, 8.2565
1999/05/06, 8.2685
1999/05/07, 8.2585
1999/05/10, 8.211
1999/05/11, 8.2215
1999/05/12, 8.1982
1999/05/13, 8.219
1999/05/14, 8.1825
1999/05/17, 8.2007
1999/05/18, 8.2115
1999/05/19, 8.2643
1999/05/20, 8.26
1999/05/21, 8.2255
1999/05/24, 8.2435
1999/05/25, 8.2565
1999/05/26, 8.238
1999/05/27, 8.2505
1999/05/28, 8.2445
1999/05/31, 8.2375
1999/06/01, 8.2355
1999/06/02, 8.2415
1999/06/03, 8.241
1999/06/04, 8.2275
1999/06/07, 8.195
1999/06/08, 8.1925
1999/06/09, 8.212
1999/06/10, 8.2
1999/06/11, 8.1965
1999/06/14, 8.1805
1999/06/15, 8.189
1999/06/16, 8.1685
1999/06/17, 8.151
1999/06/18, 8.137
1999/06/21, 8.104
1999/06/22, 8.0895
1999/06/23, 8.106
1999/06/24, 8.11
1999/06/25, 8.153
1999/06/28, 8.1315
1999/06/29, 8.121
1999/06/30, 8.1045
1999/07/01, 8.0855
1999/07/02, 8.081
1999/07/05, 8.07
1999/07/06, 8.0645
1999/07/07, 8.0865
1999/07/08, 8.095
1999/07/09, 8.1145
1999/07/12, 8.1075
1999/07/13, 8.1155
1999/07/14, 8.142
1999/07/15, 8.1685
1999/07/16, 8.127
1999/07/19, 8.0985
1999/07/20, 8.15
1999/07/21, 8.263
1999/07/22, 8.271
1999/07/23, 8.239
1999/07/26, 8.341
1999/07/27, 8.3275
1999/07/28, 8.3475
1999/07/29, 8.3537
1999/07/30, 8.3345
1999/08/02, 8.278
1999/08/03, 8.25
1999/08/04, 8.303
1999/08/05, 8.3095
1999/08/06, 8.3125
1999/08/09, 8.2635
1999/08/10, 8.2745
1999/08/11, 8.2385
1999/08/12, 8.2265
1999/08/13, 8.2595
1999/08/16, 8.2205
1999/08/17, 8.199
1999/08/18, 8.2075
1999/08/19, 8.2045
1999/08/20, 8.247
1999/08/23, 8.2515
1999/08/24, 8.2375
1999/08/25, 8.2435
1999/08/26, 8.3245
1999/08/27, 8.2945
1999/08/30, 8.2995
1999/08/31, 8.2795
1999/09/01, 8.2775
1999/09/02, 8.321
1999/09/03, 8.3395
1999/09/06, 8.285
1999/09/07, 8.2725
1999/09/08, 8.2245
1999/09/09, 8.222
1999/09/10, 8.224
1999/09/13, 8.1715
1999/09/14, 8.181
1999/09/15, 8.229
1999/09/16, 8.2155
1999/09/17, 8.2135
1999/09/20, 8.183
1999/09/21, 8.1795
1999/09/22, 8.222
1999/09/23, 8.181
1999/09/24, 8.1915
1999/09/27, 8.1945
1999/09/28, 8.173
1999/09/29, 8.211
1999/09/30, 8.281
1999/10/01, 8.247
1999/10/04, 8.238
1999/10/05, 8.2325
1999/10/06, 8.265
1999/10/07, 8.2745
1999/10/08, 8.3175
1999/10/11, 8.2905
1999/10/12, 8.3005
1999/10/13, 8.319
1999/10/14, 8.307
1999/10/15, 8.3425
1999/10/18, 8.368
1999/10/19, 8.3565
1999/10/20, 8.3145
1999/10/21, 8.329
1999/10/22, 8.283
1999/10/25, 8.2725
1999/10/26, 8.2645
1999/10/27, 8.2395
1999/10/28, 8.25
1999/10/29, 8.246
1999/11/01, 8.2545
1999/11/02, 8.2635
1999/11/03, 8.256
1999/11/04, 8.259
1999/11/05, 8.2355
1999/11/08, 8.228
1999/11/09, 8.2015
1999/11/10, 8.1825
1999/11/11, 8.1925
1999/11/12, 8.1905
1999/11/15, 8.1665
1999/11/16, 8.1925
1999/11/17, 8.2105
1999/11/18, 8.1855
1999/11/19, 8.1795
1999/11/22, 8.1735
1999/11/23, 8.17
1999/11/24, 8.1675
1999/11/25, 8.143
1999/11/26, 8.1055
1999/11/29, 8.1125
1999/11/30, 8.1245
1999/12/01, 8.1365
1999/12/02, 8.132
1999/12/03, 8.105
1999/12/06, 8.131
1999/12/07, 8.1135
1999/12/08, 8.115
1999/12/09, 8.1065
1999/12/10, 8.1065
1999/12/13, 8.095
1999/12/14, 8.091
1999/12/15, 8.105
1999/12/16, 8.1155
1999/12/17, 8.0905
1999/12/20, 8.069
1999/12/21, 8.081
1999/12/22, 8.0435
1999/12/23, 8.0605
1999/12/24, 8.11
1999/12/27, 8.107
1999/12/28, 8.088
1999/12/29, 8.071
1999/12/30, 8.0765
2000/01/03, 8.062
2000/01/04, 8.15
2000/01/05, 8.206
2000/01/06, 8.203
2000/01/07, 8.1945
2000/01/10, 8.19
2000/01/11, 8.2075
2000/01/12, 8.216
2000/01/13, 8.1795
2000/01/14, 8.1365
2000/01/17, 8.0965
2000/01/18, 8.1065
2000/01/19, 8.0755
2000/01/20, 8.0865
2000/01/21, 8.077
2000/01/24, 8.0455
2000/01/25, 8.0415
2000/01/26, 8.069
2000/01/27, 8.0815
2000/01/28, 8.044
2000/01/31, 8.0825
2000/02/01, 8.073
2000/02/02, 8.0175
2000/02/03, 8.0475
2000/02/04, 8.083
2000/02/07, 8.059
2000/02/08, 8.072
2000/02/09, 8.0825
2000/02/10, 8.0695
2000/02/11, 8.0395
2000/02/14, 8.0795
2000/02/15, 8.0685
2000/02/16, 8.1125
2000/02/17, 8.1565
2000/02/18, 8.1455
2000/02/21, 8.17
2000/02/22, 8.1915
2000/02/23, 8.1955
2000/02/24, 8.1475
2000/02/25, 8.1275
2000/02/28, 8.0625
2000/02/29, 8.0805
2000/03/01, 8.0825
2000/03/02, 8.07
2000/03/03, 8.084
2000/03/06, 8.0765
2000/03/07, 8.084
2000/03/08, 8.085
2000/03/09, 8.1175
2000/03/10, 8.0995
2000/03/13, 8.1205
2000/03/14, 8.121
2000/03/15, 8.14
2000/03/16, 8.1585
2000/03/17, 8.154
2000/03/20, 8.1705
2000/03/21, 8.166
2000/03/22, 8.1475
2000/03/23, 8.106
2000/03/24, 8.13
2000/03/27, 8.127
2000/03/28, 8.081
2000/03/29, 8.0625
2000/03/30, 8.0815
2000/03/31, 8.0885
2000/04/03, 8.109
2000/04/04, 8.1145
2000/04/05, 8.157
2000/04/06, 8.133
2000/04/07, 8.127
2000/04/10, 8.1465
2000/04/11, 8.1765
2000/04/12, 8.1585
2000/04/13, 8.148
2000/04/14, 8.149
2000/04/17, 8.2075
2000/04/18, 8.1775
2000/04/19, 8.1733
2000/04/20, 8.1655
2000/04/25, 8.163
2000/04/26, 8.1535
2000/04/27, 8.175
2000/04/28, 8.1475
2000/05/02, 8.1385
2000/05/03, 8.06
2000/05/04, 8.1055
2000/05/05, 8.125
2000/05/08, 8.1375
2000/05/09, 8.1495
2000/05/10, 8.1935
2000/05/11, 8.224
2000/05/12, 8.1715
2000/05/15, 8.199
2000/05/16, 8.175
2000/05/17, 8.154
2000/05/18, 8.1565
2000/05/19, 8.1505
2000/05/22, 8.2155
2000/05/23, 8.2665
2000/05/24, 8.2745
2000/05/25, 8.249
2000/05/26, 8.286
2000/05/29, 8.3075
2000/05/30, 8.3425
2000/05/31, 8.305
2000/06/01, 8.321
2000/06/02, 8.312
2000/06/05, 8.287
2000/06/06, 8.279
2000/06/07, 8.2715
2000/06/08, 8.3095
2000/06/09, 8.3245
2000/06/12, 8.305
2000/06/13, 8.284
2000/06/14, 8.2485
2000/06/15, 8.224
2000/06/16, 8.2485
2000/06/19, 8.267
2000/06/20, 8.2265
2000/06/21, 8.223
2000/06/22, 8.2135
2000/06/23, 8.2025
2000/06/26, 8.179
2000/06/27, 8.2125
2000/06/28, 8.175
2000/06/29, 8.1785
2000/06/30, 8.185
2000/07/03, 8.169
2000/07/04, 8.18
2000/07/05, 8.187
2000/07/06, 8.18
2000/07/07, 8.173
2000/07/10, 8.1655
2000/07/11, 8.1755
2000/07/12, 8.1515
2000/07/13, 8.1475
2000/07/14, 8.1515
2000/07/17, 8.166
2000/07/18, 8.1895
2000/07/19, 8.1735
2000/07/20, 8.189
2000/07/21, 8.1835
2000/07/24, 8.1915
2000/07/25, 8.168
2000/07/26, 8.1825
2000/07/27, 8.195
2000/07/28, 8.1835
2000/07/31, 8.199
2000/08/01, 8.1985
2000/08/02, 8.18
2000/08/03, 8.1585
2000/08/04, 8.1215
2000/08/07, 8.0945
2000/08/08, 8.1165
2000/08/09, 8.067
2000/08/10, 8.087
2000/08/11, 8.1195
2000/08/14, 8.07
2000/08/15, 8.114
2000/08/16, 8.099
2000/08/17, 8.09
2000/08/18, 8.061
2000/08/21, 8.0435
2000/08/22, 8.0435
2000/08/23, 8.0525
2000/08/24, 8.1015
2000/08/25, 8.0955
2000/08/28, 8.0745
2000/08/29, 8.0715
2000/08/30, 8.0715
2000/08/31, 8.0745
2000/09/01, 8.0725
2000/09/04, 8.0815
2000/09/05, 8.074
2000/09/06, 8.0515
2000/09/07, 8.0155
2000/09/08, 8.0385
2000/09/11, 8.024
2000/09/12, 7.98
2000/09/13, 8.0435
2000/09/14, 8.0405
2000/09/15, 8.018
2000/09/18, 7.991
2000/09/19, 8.0055
2000/09/20, 7.9665
2000/09/21, 7.992
2000/09/22, 8.0345
2000/09/25, 8.027
2000/09/26, 8.0215
2000/09/27, 8.044
2000/09/28, 8.0125
2000/09/29, 8.0255
2000/10/02, 8.043
2000/10/03, 8.0345
2000/10/04, 8.035
2000/10/05, 8.048
2000/10/06, 8.0355
2000/10/09, 8.045
2000/10/10, 8.0575
2000/10/11, 8.073
2000/10/12, 8.054
2000/10/13, 8.047
2000/10/16, 8.009
2000/10/17, 8.0375
2000/10/18, 8.0465
2000/10/19, 8.007
2000/10/20, 8.004
2000/10/23, 7.9415
2000/10/24, 7.9465
2000/10/25, 7.946
2000/10/26, 7.927
2000/10/27, 7.9265
2000/10/30, 7.933
2000/10/31, 7.8735
2000/11/01, 7.8765
2000/11/02, 7.9395
2000/11/03, 7.977
2000/11/06, 7.977
2000/11/07, 7.9785
2000/11/08, 7.9635
2000/11/09, 7.939
2000/11/10, 8.0
2000/11/13, 7.989
2000/11/14, 8.0225
2000/11/15, 8.0365
2000/11/16, 8.0135
2000/11/17, 8.0035
2000/11/20, 7.9865
2000/11/21, 8.0345
2000/11/22, 8.0085
2000/11/23, 8.009
2000/11/24, 8.022
2000/11/27, 8.015
2000/11/28, 8.019
2000/11/29, 8.028
2000/11/30, 8.0525
2000/12/01, 8.0815
2000/12/04, 8.1075
2000/12/05, 8.1035
2000/12/06, 8.0655
2000/12/07, 8.115
2000/12/08, 8.112
2000/12/11, 8.0905
2000/12/12, 8.072
2000/12/13, 8.1085
2000/12/14, 8.1115
2000/12/15, 8.14
2000/12/18, 8.08
2000/12/19, 8.1085
2000/12/20, 8.1365
2000/12/21, 8.177
2000/12/22, 8.1915
2000/12/27, 8.2485
2000/12/28, 8.2525
2000/12/29, 8.2335
2001/01/02, 8.3065
2001/01/03, 8.3145
2001/01/04, 8.271
2001/01/05, 8.291
2001/01/08, 8.298
2001/01/09, 8.2495
2001/01/10, 8.205
2001/01/11, 8.2
2001/01/12, 8.185
2001/01/15, 8.211
2001/01/16, 8.208
2001/01/17, 8.223
2001/01/18, 8.227
2001/01/19, 8.227
2001/01/22, 8.211
2001/01/23, 8.2755
2001/01/24, 8.256
2001/01/25, 8.226
2001/01/26, 8.21
2001/01/29, 8.195
2001/01/30, 8.1865
2001/01/31, 8.205
2001/02/01, 8.213
2001/02/02, 8.205
2001/02/05, 8.204
2001/02/06, 8.175
2001/02/07, 8.1875
2001/02/08, 8.1715
2001/02/09, 8.1855
2001/02/12, 8.202
2001/02/13, 8.2165
2001/02/14, 8.219
2001/02/15, 8.2075
2001/02/16, 8.195
2001/02/19, 8.206
2001/02/20, 8.2195
2001/02/21, 8.2425
2001/02/22, 8.26
2001/02/23, 8.2455
2001/02/26, 8.223
2001/02/27, 8.2285
2001/02/28, 8.244
2001/03/01, 8.232
2001/03/02, 8.2195
2001/03/05, 8.226
2001/03/06, 8.2315
2001/03/07, 8.2155
2001/03/08, 8.221
2001/03/09, 8.207
2001/03/12, 8.222
2001/03/13, 8.2345
2001/03/14, 8.213
2001/03/15, 8.1835
2001/03/16, 8.1695
2001/03/19, 8.123
2001/03/20, 8.1265
2001/03/21, 8.1235
2001/03/22, 8.1165
2001/03/23, 8.0855
2001/03/26, 8.083
2001/03/27, 8.085
2001/03/28, 8.081
2001/03/29, 8.065
2001/03/30, 8.057
2001/04/02, 8.058
2001/04/03, 8.0975
2001/04/04, 8.1815
2001/04/05, 8.167
2001/04/06, 8.1285
2001/04/09, 8.141
2001/04/10, 8.1045
2001/04/11, 8.0665
2001/04/12, 8.0725
2001/04/17, 8.048
2001/04/18, 8.059
2001/04/19, 8.0605
2001/04/20, 8.123
2001/04/23, 8.1465
2001/04/24, 8.147
2001/04/25, 8.1625
2001/04/26, 8.1665
2001/04/27, 8.155
2001/04/30, 8.0925
2001/05/02, 8.103
2001/05/03, 8.099
2001/05/04, 8.0925
2001/05/07, 8.079
2001/05/08, 8.054
2001/05/09, 8.04
2001/05/10, 8.071
2001/05/11, 8.0185
2001/05/14, 7.99
2001/05/15, 8.019
2001/05/16, 8.0335
2001/05/17, 8.003
2001/05/18, 7.9605
2001/05/21, 7.931
2001/05/22, 7.9315
2001/05/23, 7.944
2001/05/24, 7.9325
2001/05/25, 7.901
2001/05/28, 7.9115
2001/05/29, 7.8865
2001/05/30, 7.908
2001/05/31, 7.93
2001/06/01, 7.982
2001/06/04, 7.98
2001/06/05, 7.969
2001/06/06, 7.9675
2001/06/07, 7.9555
2001/06/08, 7.951
2001/06/11, 7.9535
2001/06/12, 7.9835
2001/06/13, 7.995
2001/06/14, 7.9545
2001/06/15, 7.998
2001/06/18, 7.9225
2001/06/19, 7.9
2001/06/20, 7.8565
2001/06/21, 7.894
2001/06/22, 7.86
2001/06/25, 7.9285
2001/06/26, 7.936
2001/06/27, 7.899
2001/06/28, 7.884
2001/06/29, 7.8865
2001/07/02, 7.9345
2001/07/03, 7.9505
2001/07/04, 7.924
2001/07/05, 7.9115
2001/07/06, 7.928
2001/07/09, 7.918
2001/07/10, 7.9455
2001/07/11, 7.9825
2001/07/12, 7.964
2001/07/13, 7.9565
2001/07/16, 7.9775
2001/07/17, 7.9805
2001/07/18, 8.0075
2001/07/19, 8.011
2001/07/20, 8.017
2001/07/23, 7.9865
2001/07/24, 8.002
2001/07/25, 8.013
2001/07/26, 8.0125
2001/07/27, 7.984
2001/07/30, 7.98
2001/07/31, 7.985
2001/08/01, 8.012
2001/08/02, 7.996
2001/08/03, 7.9685
2001/08/06, 7.9775
2001/08/07, 7.969
2001/08/08, 7.958
2001/08/09, 7.985
2001/08/10, 8.015
2001/08/13, 8.0625
2001/08/14, 8.068
2001/08/15, 8.1235
2001/08/16, 8.1035
2001/08/17, 8.1325
2001/08/20, 8.1135
2001/08/21, 8.1215
2001/08/22, 8.1105
2001/08/23, 8.112
2001/08/24, 8.106
2001/08/27, 8.083
2001/08/28, 8.068
2001/08/29, 8.068
2001/08/30, 8.0485
2001/08/31, 8.0675
2001/09/03, 8.0305
2001/09/04, 7.963
2001/09/05, 7.9305
2001/09/06, 7.949
2001/09/07, 7.9775
2001/09/10, 8.0025
2001/09/11, 7.947
2001/09/12, 7.987
2001/09/13, 7.999
2001/09/14, 8.028
2001/09/17, 8.0655
2001/09/18, 7.9935
2001/09/19, 7.967
2001/09/20, 7.9315
2001/09/21, 7.929
2001/09/24, 7.979
2001/09/25, 8.045
2001/09/26, 8.051
2001/09/27, 8.085
2001/09/28, 8.11
2001/10/01, 8.0855
2001/10/02, 8.089
2001/10/03, 8.0835
2001/10/04, 8.0605
2001/10/05, 8.07
2001/10/08, 8.06
2001/10/09, 8.0235
2001/10/10, 7.996
2001/10/11, 7.972
2001/10/12, 7.9555
2001/10/15, 7.9735
2001/10/16, 7.9705
2001/10/17, 7.9495
2001/10/18, 7.9575
2001/10/19, 7.969
2001/10/22, 7.98
2001/10/23, 7.949
2001/10/24, 7.945
2001/10/25, 7.949
2001/10/26, 7.9525
2001/10/29, 7.968
2001/10/30, 7.9745
2001/10/31, 7.9985
2001/11/01, 7.985
2001/11/02, 7.969
2001/11/05, 7.9515
2001/11/06, 7.9265
2001/11/07, 7.9585
2001/11/08, 7.892
2001/11/09, 7.8935
2001/11/12, 7.897
2001/11/13, 7.884
2001/11/14, 7.844
2001/11/15, 7.9
2001/11/16, 7.92
2001/11/19, 7.922
2001/11/20, 7.9125
2001/11/21, 7.894
2001/11/22, 7.883
2001/11/23, 7.929
2001/11/26, 7.9495
2001/11/27, 7.941
2001/11/28, 7.9415
2001/11/29, 7.948
2001/11/30, 7.951
2001/12/03, 8.0015
2001/12/04, 7.9665
2001/12/05, 8.0
2001/12/06, 7.976
2001/12/07, 7.977
2001/12/10, 7.9895
2001/12/11, 8.002
2001/12/12, 8.0065
2001/12/13, 8.0235
2001/12/14, 8.028
2001/12/17, 8.037
2001/12/18, 7.9935
2001/12/19, 7.9805
2001/12/20, 7.984
2001/12/21, 7.987
2001/12/24, 7.9755
2001/12/27, 7.961
2001/12/28, 7.9515
2002/01/02, 8.0115
2002/01/03, 8.0105
2002/01/04, 7.9865
2002/01/07, 7.975
2002/01/08, 7.9585
2002/01/09, 7.9475
2002/01/10, 7.951
2002/01/11, 7.952
2002/01/14, 7.944
2002/01/15, 7.9495
2002/01/16, 7.912
2002/01/17, 7.901
2002/01/18, 7.9105
2002/01/21, 7.914
2002/01/22, 7.903
2002/01/23, 7.9225
2002/01/24, 7.876
2002/01/25, 7.857
2002/01/28, 7.8395
2002/01/29, 7.8405
2002/01/30, 7.8535
2002/01/31, 7.841
2002/02/01, 7.8405
2002/02/04, 7.8375
2002/02/05, 7.855
2002/02/06, 7.829
2002/02/07, 7.802
2002/02/08, 7.8315
2002/02/11, 7.836
2002/02/12, 7.832
2002/02/13, 7.827
2002/02/14, 7.7795
2002/02/15, 7.764
2002/02/18, 7.7475
2002/02/19, 7.7485
2002/02/20, 7.7635
2002/02/21, 7.7375
2002/02/22, 7.762
2002/02/25, 7.753
2002/02/26, 7.735
2002/02/27, 7.713
2002/02/28, 7.712
2002/03/01, 7.706
2002/03/04, 7.6915
2002/03/05, 7.6885
2002/03/06, 7.7065
2002/03/07, 7.712
2002/03/08, 7.72
2002/03/11, 7.726
2002/03/12, 7.7165
2002/03/13, 7.7455
2002/03/14, 7.7645
2002/03/15, 7.7675
2002/03/18, 7.7485
2002/03/19, 7.7395
2002/03/20, 7.7155
2002/03/21, 7.699
2002/03/22, 7.693
2002/03/25, 7.7025
2002/03/26, 7.709
2002/03/27, 7.711
2002/03/28, 7.703
2002/04/02, 7.6965
2002/04/03, 7.6675
2002/04/04, 7.6455
2002/04/05, 7.646
2002/04/08, 7.632
2002/04/09, 7.634
2002/04/10, 7.641
2002/04/11, 7.623
2002/04/12, 7.6235
2002/04/15, 7.614
2002/04/16, 7.633
2002/04/17, 7.6375
2002/04/18, 7.634
2002/04/19, 7.604
2002/04/22, 7.6095
2002/04/23, 7.5925
2002/04/24, 7.6235
2002/04/25, 7.585
2002/04/26, 7.5745
2002/04/29, 7.5745
2002/04/30, 7.573
2002/05/02, 7.557
2002/05/03, 7.5645
2002/05/06, 7.587
2002/05/07, 7.623
2002/05/08, 7.5815
2002/05/09, 7.58
2002/05/10, 7.5645
2002/05/13, 7.548
2002/05/14, 7.5475
2002/05/15, 7.536
2002/05/16, 7.541
2002/05/17, 7.545
2002/05/20, 7.551
2002/05/21, 7.536
2002/05/22, 7.505
2002/05/23, 7.483
2002/05/24, 7.4435
2002/05/27, 7.44
2002/05/28, 7.404
2002/05/29, 7.406
2002/05/30, 7.434
2002/05/31, 7.478
2002/06/03, 7.4385
2002/06/04, 7.4435
2002/06/05, 7.4035
2002/06/06, 7.389
2002/06/07, 7.443
2002/06/10, 7.4255
2002/06/11, 7.424
2002/06/12, 7.413
2002/06/13, 7.413
2002/06/14, 7.4155
2002/06/17, 7.415
2002/06/18, 7.421
2002/06/19, 7.376
2002/06/20, 7.3505
2002/06/21, 7.376
2002/06/24, 7.4005
2002/06/25, 7.345
2002/06/26, 7.365
2002/06/27, 7.398
2002/06/28, 7.4305
2002/07/01, 7.414
2002/07/02, 7.3535
2002/07/03, 7.3415
2002/07/04, 7.3225
2002/07/05, 7.307
2002/07/08, 7.305
2002/07/09, 7.3095
2002/07/10, 7.296
2002/07/11, 7.285
2002/07/12, 7.329
2002/07/15, 7.357
2002/07/16, 7.3725
2002/07/17, 7.3775
2002/07/18, 7.381
2002/07/19, 7.438
2002/07/22, 7.482
2002/07/23, 7.548
2002/07/24, 7.5485
2002/07/25, 7.547
2002/07/26, 7.563
2002/07/29, 7.505
2002/07/30, 7.505
2002/07/31, 7.427
2002/08/01, 7.449
2002/08/02, 7.5075
2002/08/05, 7.528
2002/08/06, 7.5
2002/08/07, 7.508
2002/08/08, 7.478
2002/08/09, 7.4635
2002/08/12, 7.466
2002/08/13, 7.4495
2002/08/14, 7.448
2002/08/15, 7.429
2002/08/16, 7.374
2002/08/19, 7.382
2002/08/20, 7.355
2002/08/21, 7.3575
2002/08/22, 7.396
2002/08/23, 7.4065
2002/08/26, 7.3895
2002/08/27, 7.3805
2002/08/28, 7.381
2002/08/29, 7.3945
2002/08/30, 7.3815
2002/09/02, 7.3925
2002/09/03, 7.4375
2002/09/04, 7.4425
2002/09/05, 7.3815
2002/09/06, 7.3535
2002/09/09, 7.358
2002/09/10, 7.391
2002/09/11, 7.379
2002/09/12, 7.371
2002/09/13, 7.359
2002/09/16, 7.3415
2002/09/17, 7.356
2002/09/18, 7.3645
2002/09/19, 7.3245
2002/09/20, 7.362
2002/09/23, 7.355
2002/09/24, 7.321
2002/09/25, 7.3145
2002/09/26, 7.322
2002/09/27, 7.3325
2002/09/30, 7.3415
2002/10/01, 7.315
2002/10/02, 7.302
2002/10/03, 7.3125
2002/10/04, 7.304
2002/10/07, 7.2885
2002/10/08, 7.276
2002/10/09, 7.262
2002/10/10, 7.305
2002/10/11, 7.283
2002/10/14, 7.2815
2002/10/15, 7.2975
2002/10/16, 7.3095
2002/10/17, 7.412
2002/10/18, 7.4015
2002/10/21, 7.398
2002/10/22, 7.434
2002/10/23, 7.4015
2002/10/24, 7.374
2002/10/25, 7.358
2002/10/28, 7.371
2002/10/29, 7.391
2002/10/30, 7.39
2002/10/31, 7.365
2002/11/01, 7.3685
2002/11/04, 7.3705
2002/11/05, 7.3715
2002/11/06, 7.3595
2002/11/07, 7.3545
2002/11/08, 7.332
2002/11/11, 7.2975
2002/11/12, 7.3025
2002/11/13, 7.321
2002/11/14, 7.3145
2002/11/15, 7.3025
2002/11/18, 7.3135
2002/11/19, 7.327
2002/11/20, 7.331
2002/11/21, 7.3155
2002/11/22, 7.3045
2002/11/25, 7.304
2002/11/26, 7.264
2002/11/27, 7.275
2002/11/28, 7.288
2002/11/29, 7.282
2002/12/02, 7.2625
2002/12/03, 7.275
2002/12/04, 7.2655
2002/12/05, 7.2745
2002/12/06, 7.264
2002/12/09, 7.308
2002/12/10, 7.328
2002/12/11, 7.344
2002/12/12, 7.335
2002/12/13, 7.3295
2002/12/16, 7.31
2002/12/17, 7.2945
2002/12/18, 7.313
2002/12/19, 7.285
2002/12/20, 7.287
2002/12/23, 7.2895
2002/12/24, 7.2763
2002/12/27, 7.306
2002/12/30, 7.2725
2002/12/31, 7.2756
2003/01/02, 7.267
2003/01/03, 7.236
2003/01/06, 7.242
2003/01/07, 7.237
2003/01/08, 7.2225
2003/01/09, 7.2255
2003/01/10, 7.252
2003/01/13, 7.2895
2003/01/14, 7.3285
2003/01/15, 7.302
2003/01/16, 7.266
2003/01/17, 7.274
2003/01/20, 7.318
2003/01/21, 7.343
2003/01/22, 7.389
2003/01/23, 7.406
2003/01/24, 7.457
2003/01/27, 7.4555
2003/01/28, 7.47
2003/01/29, 7.458
2003/01/30, 7.4315
2003/01/31, 7.452
2003/02/03, 7.479
2003/02/04, 7.487
2003/02/05, 7.5635
2003/02/06, 7.5145
2003/02/07, 7.469
2003/02/10, 7.4625
2003/02/11, 7.466
2003/02/12, 7.4615
2003/02/13, 7.4935
2003/02/14, 7.5355
2003/02/17, 7.515
2003/02/18, 7.5215
2003/02/19, 7.5255
2003/02/20, 7.536
2003/02/21, 7.547
2003/02/24, 7.553
2003/02/25, 7.6295
2003/02/26, 7.6115
2003/02/27, 7.7825
2003/02/28, 7.725
2003/03/03, 7.7335
2003/03/04, 7.777
2003/03/05, 7.7775
2003/03/06, 7.831
2003/03/07, 7.883
2003/03/10, 7.934
2003/03/11, 7.934
2003/03/12, 7.8665
2003/03/13, 7.8195
2003/03/14, 7.776
2003/03/17, 7.804
2003/03/18, 7.856
2003/03/19, 7.8785
2003/03/20, 7.92
2003/03/21, 7.8615
2003/03/24, 7.852
2003/03/25, 7.829
2003/03/26, 7.8135
2003/03/27, 7.8415
2003/03/28, 7.857
2003/03/31, 7.8995
2003/04/01, 7.925
2003/04/02, 7.833
2003/04/03, 7.825
2003/04/04, 7.798
2003/04/07, 7.772
2003/04/08, 7.7735
2003/04/09, 7.802
2003/04/10, 7.886
2003/04/11, 7.9
2003/04/14, 7.876
2003/04/15, 7.879
2003/04/16, 7.839
2003/04/17, 7.836
2003/04/22, 7.8475
2003/04/23, 7.835
2003/04/24, 7.831
2003/04/25, 7.812
2003/04/28, 7.756
2003/04/29, 7.7705
2003/04/30, 7.838
2003/05/02, 7.8535
2003/05/05, 7.866
2003/05/06, 7.883
2003/05/07, 7.8675
2003/05/08, 7.86
2003/05/09, 7.8655
2003/05/12, 7.8755
2003/05/13, 7.874
2003/05/14, 7.873
2003/05/15, 7.849
2003/05/16, 7.854
2003/05/19, 7.92
2003/05/20, 7.9305
2003/05/21, 7.8415
2003/05/22, 7.8475
2003/05/23, 7.879
2003/05/26, 7.868
2003/05/27, 7.86
2003/05/28, 7.8755
2003/05/29, 7.8793
2003/05/30, 7.8785
2003/06/02, 7.8695
2003/06/03, 7.965
2003/06/04, 8.078
2003/06/05, 8.137
2003/06/06, 8.1485
2003/06/09, 8.1565
2003/06/10, 8.2175
2003/06/11, 8.175
2003/06/12, 8.195
2003/06/13, 8.1515
2003/06/16, 8.21
2003/06/17, 8.212
2003/06/18, 8.178
2003/06/19, 8.1295
2003/06/20, 8.158
2003/06/23, 8.1775
2003/06/24, 8.169
2003/06/25, 8.24
2003/06/26, 8.2655
2003/06/27, 8.273
2003/06/30, 8.2935
2003/07/01, 8.3075
2003/07/02, 8.242
2003/07/03, 8.271
2003/07/04, 8.267
2003/07/07, 8.287
2003/07/08, 8.286
2003/07/09, 8.263
2003/07/10, 8.32
2003/07/11, 8.319
2003/07/14, 8.322
2003/07/15, 8.3575
2003/07/16, 8.359
2003/07/17, 8.349
2003/07/18, 8.3595
2003/07/21, 8.358
2003/07/22, 8.343
2003/07/23, 8.321
2003/07/24, 8.27
2003/07/25, 8.2285
2003/07/28, 8.208
2003/07/29, 8.248
2003/07/30, 8.2065
2003/07/31, 8.161
2003/08/01, 8.157
2003/08/04, 8.171
2003/08/05, 8.227
2003/08/06, 8.182
2003/08/07, 8.165
2003/08/08, 8.1625
2003/08/11, 8.202
2003/08/12, 8.2425
2003/08/13, 8.281
2003/08/14, 8.315
2003/08/15, 8.2825
2003/08/18, 8.3045
2003/08/19, 8.332
2003/08/20, 8.306
2003/08/21, 8.2765
2003/08/22, 8.286
2003/08/25, 8.297
2003/08/26, 8.323
2003/08/27, 8.333
2003/08/28, 8.2785
2003/08/29, 8.247
2003/09/01, 8.225
2003/09/02, 8.225
2003/09/03, 8.235
2003/09/04, 8.1925
2003/09/05, 8.2365
2003/09/08, 8.2475
2003/09/09, 8.256
2003/09/10, 8.283
2003/09/11, 8.26
2003/09/12, 8.2585
2003/09/15, 8.277
2003/09/16, 8.27
2003/09/17, 8.209
2003/09/18, 8.176
2003/09/19, 8.157
2003/09/22, 8.17
2003/09/23, 8.1385
2003/09/24, 8.078
2003/09/25, 8.0445
2003/09/26, 8.083
2003/09/29, 8.0875
2003/09/30, 8.184
2003/10/01, 8.2325
2003/10/02, 8.181
2003/10/03, 8.158
2003/10/06, 8.164
2003/10/07, 8.203
2003/10/08, 8.213
2003/10/09, 8.219
2003/10/10, 8.227
2003/10/13, 8.225
2003/10/14, 8.2375
2003/10/15, 8.2655
2003/10/16, 8.25
2003/10/17, 8.2445
2003/10/20, 8.273
2003/10/21, 8.274
2003/10/22, 8.253
2003/10/23, 8.235
2003/10/24, 8.24
2003/10/27, 8.25
2003/10/28, 8.236
2003/10/29, 8.212
2003/10/30, 8.226
2003/10/31, 8.211
2003/11/03, 8.227
2003/11/04, 8.233
2003/11/05, 8.248
2003/11/06, 8.2425
2003/11/07, 8.234
2003/11/10, 8.232
2003/11/11, 8.21
2003/11/12, 8.201
2003/11/13, 8.182
2003/11/14, 8.215
2003/11/17, 8.205
2003/11/18, 8.189
2003/11/19, 8.186
2003/11/20, 8.173
2003/11/21, 8.1625
2003/11/24, 8.1645
2003/11/25, 8.157
2003/11/26, 8.15
2003/11/27, 8.1645
2003/11/28, 8.1625
2003/12/01, 8.175
2003/12/02, 8.1635
2003/12/03, 8.1425
2003/12/04, 8.0905
2003/12/05, 8.08
2003/12/08, 8.0795
2003/12/09, 8.11
2003/12/10, 8.13
2003/12/11, 8.1735
2003/12/12, 8.185
2003/12/15, 8.203
2003/12/16, 8.222
2003/12/17, 8.275
2003/12/18, 8.335
2003/12/19, 8.332
2003/12/22, 8.327
2003/12/23, 8.3715
2003/12/24, 8.4198
2003/12/29, 8.434
2003/12/30, 8.421
2003/12/31, 8.4141
2004/01/02, 8.3935
2004/01/05, 8.406
2004/01/06, 8.566
2004/01/07, 8.5695
2004/01/08, 8.608
2004/01/09, 8.6475
2004/01/12, 8.6065
2004/01/13, 8.569
2004/01/14, 8.567
2004/01/15, 8.5415
2004/01/16, 8.601
2004/01/19, 8.6065
2004/01/20, 8.6045
2004/01/21, 8.64
2004/01/22, 8.543
2004/01/23, 8.593
2004/01/26, 8.614
2004/01/27, 8.601
2004/01/28, 8.682
2004/01/29, 8.764
2004/01/30, 8.719
2004/02/02, 8.6975
2004/02/03, 8.683
2004/02/04, 8.721
2004/02/05, 8.737
2004/02/06, 8.7355
2004/02/09, 8.6975
2004/02/10, 8.819
2004/02/11, 8.8155
2004/02/12, 8.86
2004/02/13, 8.82
2004/02/16, 8.812
2004/02/17, 8.784
2004/02/18, 8.7985
2004/02/19, 8.796
2004/02/20, 8.823
2004/02/23, 8.783
2004/02/24, 8.7775
2004/02/25, 8.826
2004/02/26, 8.78
2004/02/27, 8.737
2004/03/01, 8.717
2004/03/02, 8.685
2004/03/03, 8.6985
2004/03/04, 8.6365
2004/03/05, 8.665
2004/03/08, 8.651
2004/03/09, 8.644
2004/03/10, 8.656
2004/03/11, 8.584
2004/03/12, 8.56
2004/03/15, 8.4895
2004/03/16, 8.479
2004/03/17, 8.462
2004/03/18, 8.502
2004/03/19, 8.515
2004/03/22, 8.429
2004/03/23, 8.432
2004/03/24, 8.429
2004/03/25, 8.458
2004/03/26, 8.446
2004/03/29, 8.4525
2004/03/30, 8.4085
2004/03/31, 8.436
2004/04/01, 8.474
2004/04/02, 8.408
2004/04/05, 8.3735
2004/04/06, 8.375
2004/04/07, 8.3835
2004/04/08, 8.3616
2004/04/13, 8.308
2004/04/14, 8.306
2004/04/15, 8.272
2004/04/16, 8.282
2004/04/19, 8.2955
2004/04/20, 8.278
2004/04/21, 8.28
2004/04/22, 8.253
2004/04/23, 8.238
2004/04/26, 8.2415
2004/04/27, 8.227
2004/04/28, 8.203
2004/04/29, 8.171
2004/04/30, 8.221
2004/05/03, 8.2105
2004/05/04, 8.232
2004/05/05, 8.173
2004/05/06, 8.161
2004/05/07, 8.093
2004/05/10, 8.099
2004/05/11, 8.197
2004/05/12, 8.2015
2004/05/13, 8.163
2004/05/14, 8.185
2004/05/17, 8.2775
2004/05/18, 8.274
2004/05/19, 8.301
2004/05/20, 8.2685
2004/05/21, 8.251
2004/05/24, 8.235
2004/05/25, 8.222
2004/05/26, 8.217
2004/05/27, 8.184
2004/05/28, 8.212
2004/05/31, 8.1993
2004/06/01, 8.18
2004/06/02, 8.193
2004/06/03, 8.191
2004/06/04, 8.182
2004/06/07, 8.186
2004/06/08, 8.1885
2004/06/09, 8.183
2004/06/10, 8.28
2004/06/11, 8.2925
2004/06/14, 8.3325
2004/06/15, 8.304
2004/06/16, 8.297
2004/06/17, 8.348
2004/06/18, 8.381
2004/06/21, 8.3515
2004/06/22, 8.324
2004/06/23, 8.354
2004/06/24, 8.358
2004/06/25, 8.2785
2004/06/28, 8.3145
2004/06/29, 8.3285
2004/06/30, 8.4365
2004/07/01, 8.441
2004/07/02, 8.4925
2004/07/05, 8.489
2004/07/06, 8.4665
2004/07/07, 8.4405
2004/07/08, 8.462
2004/07/09, 8.4545
2004/07/12, 8.458
2004/07/13, 8.4735
2004/07/14, 8.518
2004/07/15, 8.515
2004/07/16, 8.478
2004/07/19, 8.477
2004/07/20, 8.487
2004/07/21, 8.505
2004/07/22, 8.48
2004/07/23, 8.477
2004/07/26, 8.507
2004/07/27, 8.494
2004/07/28, 8.4605
2004/07/29, 8.456
2004/07/30, 8.42
2004/08/02, 8.442
2004/08/03, 8.426
2004/08/04, 8.4145
2004/08/05, 8.3675
2004/08/06, 8.34
2004/08/09, 8.3205
2004/08/10, 8.3215
2004/08/11, 8.329
2004/08/12, 8.319
2004/08/13, 8.289
2004/08/16, 8.28
2004/08/17, 8.281
2004/08/18, 8.319
2004/08/19, 8.2945
2004/08/20, 8.246
2004/08/23, 8.262
2004/08/24, 8.283
2004/08/25, 8.313
2004/08/26, 8.336
2004/08/27, 8.353
2004/08/30, 8.355
2004/08/31, 8.401
2004/09/01, 8.3695
2004/09/02, 8.3475
2004/09/03, 8.3115
2004/09/06, 8.3225
2004/09/07, 8.3365
2004/09/08, 8.3335
2004/09/09, 8.3055
2004/09/10, 8.3225
2004/09/13, 8.3495
2004/09/14, 8.363
2004/09/15, 8.398
2004/09/16, 8.4375
2004/09/17, 8.435
2004/09/20, 8.42
2004/09/21, 8.395
2004/09/22, 8.3935
2004/09/23, 8.341
2004/09/24, 8.339
2004/09/27, 8.3655
2004/09/28, 8.3505
2004/09/29, 8.351
2004/09/30, 8.341
2004/10/01, 8.328
2004/10/04, 8.295
2004/10/05, 8.278
2004/10/06, 8.27
2004/10/07, 8.2855
2004/10/08, 8.3
2004/10/11, 8.226
2004/10/12, 8.1925
2004/10/13, 8.226
2004/10/14, 8.1955
2004/10/15, 8.216
2004/10/18, 8.239
2004/10/19, 8.24
2004/10/20, 8.23
2004/10/21, 8.2345
2004/10/22, 8.2115
2004/10/25, 8.2265
2004/10/26, 8.237
2004/10/27, 8.162
2004/10/28, 8.1935
2004/10/29, 8.1465
2004/11/01, 8.127
2004/11/02, 8.178
2004/11/03, 8.193
2004/11/04, 8.154
2004/11/05, 8.179
2004/11/08, 8.191
2004/11/09, 8.23
2004/11/10, 8.178
2004/11/11, 8.145
2004/11/12, 8.113
2004/11/15, 8.083
2004/11/16, 8.0935
2004/11/17, 8.1265
2004/11/18, 8.1265
2004/11/19, 8.132
2004/11/22, 8.168
2004/11/23, 8.156
2004/11/24, 8.132
2004/11/25, 8.1195
2004/11/26, 8.106
2004/11/29, 8.07
2004/11/30, 8.105
2004/12/01, 8.1295
2004/12/02, 8.1665
2004/12/03, 8.175
2004/12/06, 8.143
2004/12/07, 8.1355
2004/12/08, 8.2105
2004/12/09, 8.241
2004/12/10, 8.218
2004/12/13, 8.204
2004/12/14, 8.2
2004/12/15, 8.226
2004/12/16, 8.1855
2004/12/17, 8.217
2004/12/20, 8.229
2004/12/21, 8.2575
2004/12/22, 8.283
2004/12/23, 8.2825
2004/12/24, 8.2815
2004/12/27, 8.265
2004/12/28, 8.272
2004/12/29, 8.275
2004/12/30, 8.2435
2004/12/31, 8.2365
2005/01/03, 8.2135
2005/01/04, 8.246
2005/01/05, 8.2835
2005/01/06, 8.2535
2005/01/07, 8.221
2005/01/10, 8.227
2005/01/11, 8.2045
2005/01/12, 8.194
2005/01/13, 8.186
2005/01/14, 8.175
2005/01/17, 8.195
2005/01/18, 8.161
2005/01/19, 8.1475
2005/01/20, 8.179
2005/01/21, 8.197
2005/01/24, 8.1915
2005/01/25, 8.2065
2005/01/26, 8.228
2005/01/27, 8.243
2005/01/28, 8.25
2005/01/31, 8.26
2005/02/01, 8.2945
2005/02/02, 8.269
2005/02/03, 8.26
2005/02/04, 8.292
2005/02/07, 8.346
2005/02/08, 8.396
2005/02/09, 8.354
2005/02/10, 8.4305
2005/02/11, 8.422
2005/02/14, 8.4165
2005/02/15, 8.372
2005/02/16, 8.359
2005/02/17, 8.366
2005/02/18, 8.288
2005/02/21, 8.2855
2005/02/22, 8.27
2005/02/23, 8.2605
2005/02/24, 8.235
2005/02/25, 8.2615
2005/02/28, 8.22
2005/03/01, 8.212
2005/03/02, 8.206
2005/03/03, 8.221
2005/03/04, 8.2275
2005/03/07, 8.216
2005/03/08, 8.201
2005/03/09, 8.175
2005/03/10, 8.174
2005/03/11, 8.177
2005/03/14, 8.176
2005/03/15, 8.186
2005/03/16, 8.201
2005/03/17, 8.141
2005/03/18, 8.128
2005/03/21, 8.14
2005/03/22, 8.1735
2005/03/23, 8.1818
2005/03/24, 8.2
2005/03/29, 8.219
2005/03/30, 8.186
2005/03/31, 8.206
2005/04/01, 8.195
2005/04/04, 8.198
2005/04/05, 8.164
2005/04/06, 8.167
2005/04/07, 8.162
2005/04/08, 8.1635
2005/04/11, 8.173
2005/04/12, 8.176
2005/04/13, 8.191
2005/04/14, 8.2465
2005/04/15, 8.232
2005/04/18, 8.22
2005/04/19, 8.2075
2005/04/20, 8.1865
2005/04/21, 8.156
2005/04/22, 8.1625
2005/04/25, 8.155
2005/04/26, 8.1315
2005/04/27, 8.127
2005/04/28, 8.145
2005/04/29, 8.143
2005/05/02, 8.1365
2005/05/03, 8.144
2005/05/04, 8.1115
2005/05/05, 8.1119
2005/05/06, 8.1115
2005/05/09, 8.1265
2005/05/10, 8.091
2005/05/11, 8.083
2005/05/12, 8.092
2005/05/13, 8.096
2005/05/16, 8.1136
2005/05/17, 8.0956
2005/05/18, 8.094
2005/05/19, 8.1135
2005/05/20, 8.1345
2005/05/23, 8.113
2005/05/24, 8.0885
2005/05/25, 8.056
2005/05/26, 8.009
2005/05/27, 7.971
2005/05/30, 7.9585
2005/05/31, 7.939
2005/06/01, 7.917
2005/06/02, 7.906
2005/06/03, 7.898
2005/06/06, 7.8725
2005/06/07, 7.857
2005/06/08, 7.9
2005/06/09, 7.9135
2005/06/10, 7.8375
2005/06/13, 7.8485
2005/06/14, 7.8765
2005/06/15, 7.871
2005/06/16, 7.8615
2005/06/17, 7.863
2005/06/20, 7.877
2005/06/21, 7.874
2005/06/22, 7.876
2005/06/23, 7.93
2005/06/24, 7.9725
2005/06/27, 7.939
2005/06/28, 7.9465
2005/06/29, 7.897
2005/06/30, 7.9155
2005/07/01, 7.881
2005/07/04, 7.8815
2005/07/05, 7.914
2005/07/06, 7.914
2005/07/07, 7.916
2005/07/08, 7.8755
2005/07/11, 7.912
2005/07/12, 7.8965
2005/07/13, 7.8895
2005/07/14, 7.922
2005/07/15, 7.9695
2005/07/18, 7.9515
2005/07/19, 8.016
2005/07/20, 7.961
2005/07/21, 7.952
2005/07/22, 7.974
2005/07/25, 7.9155
2005/07/26, 7.89
2005/07/27, 7.9035
2005/07/28, 7.8985
2005/07/29, 7.887
2005/08/01, 7.8575
2005/08/02, 7.8465
2005/08/03, 7.8425
2005/08/04, 7.879
2005/08/05, 7.8955
2005/08/08, 7.93
2005/08/09, 7.8905
2005/08/10, 7.8965
2005/08/11, 7.8975
2005/08/12, 7.8885
2005/08/15, 7.951
2005/08/16, 7.9515
2005/08/17, 7.9215
2005/08/18, 7.944
2005/08/19, 7.9805
2005/08/22, 7.9835
2005/08/23, 8.0085
2005/08/24, 7.964
2005/08/25, 7.9255
2005/08/26, 7.926
2005/08/29, 7.897
2005/08/30, 7.9355
2005/08/31, 7.866
2005/09/01, 7.8445
2005/09/02, 7.7825
2005/09/05, 7.825
2005/09/06, 7.827
2005/09/07, 7.8065
2005/09/08, 7.7895
2005/09/09, 7.798
2005/09/12, 7.8015
2005/09/13, 7.821
2005/09/14, 7.814
2005/09/15, 7.7915
2005/09/16, 7.7945
2005/09/19, 7.794
2005/09/20, 7.777
2005/09/21, 7.7925
2005/09/22, 7.779
2005/09/23, 7.791
2005/09/26, 7.8215
2005/09/27, 7.8205
2005/09/28, 7.8265
2005/09/29, 7.816
2005/09/30, 7.877
2005/10/03, 7.8855
2005/10/04, 7.8815
2005/10/05, 7.891
2005/10/06, 7.8735
2005/10/07, 7.888
2005/10/10, 7.8715
2005/10/11, 7.845
2005/10/12, 7.802
2005/10/13, 7.8145
2005/10/14, 7.8335
2005/10/17, 7.8175
2005/10/18, 7.821
2005/10/19, 7.8035
2005/10/20, 7.8
2005/10/21, 7.7925
2005/10/24, 7.8265
2005/10/25, 7.834
2005/10/26, 7.822
2005/10/27, 7.811
2005/10/28, 7.809
2005/10/31, 7.806
2005/11/01, 7.7825
2005/11/02, 7.785
2005/11/03, 7.8075
2005/11/04, 7.7975
2005/11/07, 7.782
2005/11/08, 7.794
2005/11/09, 7.7485
2005/11/10, 7.737
2005/11/11, 7.745
2005/11/14, 7.779
2005/11/15, 7.793
2005/11/16, 7.8135
2005/11/17, 7.8545
2005/11/18, 7.882
2005/11/21, 7.8935
2005/11/22, 7.8505
2005/11/23, 7.863
2005/11/24, 7.873
2005/11/25, 7.877
2005/11/28, 7.87
2005/11/29, 7.949
2005/11/30, 7.9715
2005/12/01, 7.972
2005/12/02, 7.917
2005/12/05, 7.894
2005/12/06, 7.875
2005/12/07, 7.926
2005/12/08, 7.925
2005/12/09, 7.927
2005/12/12, 7.9775
2005/12/13, 7.952
2005/12/14, 7.951
2005/12/15, 7.9595
2005/12/16, 7.9685
2005/12/19, 8.011
2005/12/20, 8.033
2005/12/21, 8.0495
2005/12/22, 8.0325
2005/12/23, 8.029
2005/12/27, 8.018
2005/12/28, 8.029
2005/12/29, 8.0165
2005/12/30, 7.985
2006/01/02, 7.9805
2006/01/03, 7.9615
2006/01/04, 7.9335
2006/01/05, 7.9325
2006/01/06, 7.9295
2006/01/09, 7.935
2006/01/10, 7.981
2006/01/11, 8.031
2006/01/12, 8.078
2006/01/13, 8.0475
2006/01/16, 8.049
2006/01/17, 8.1065
2006/01/18, 8.124
2006/01/19, 8.129
2006/01/20, 8.0845
2006/01/23, 8.0495
2006/01/24, 8.046
2006/01/25, 8.031
2006/01/26, 8.069
2006/01/27, 8.088
2006/01/30, 8.1275
2006/01/31, 8.092
2006/02/01, 8.0585
2006/02/02, 8.0505
2006/02/03, 8.0225
2006/02/06, 8.047
2006/02/07, 8.0465
2006/02/08, 8.0165
2006/02/09, 8.0155
2006/02/10, 8.0755
2006/02/13, 8.102
2006/02/14, 8.136
2006/02/15, 8.1375
2006/02/16, 8.107
2006/02/17, 8.06
2006/02/20, 8.0555
2006/02/21, 8.0545
2006/02/22, 8.0575
2006/02/23, 8.046
2006/02/24, 8.0465
2006/02/27, 8.0265
2006/02/28, 8.024
2006/03/01, 8.029
2006/03/02, 8.0095
2006/03/03, 8.012
2006/03/06, 7.979
2006/03/07, 7.9875
2006/03/08, 8.0075
2006/03/09, 8.0235
2006/03/10, 7.9735
2006/03/13, 7.9755
2006/03/14, 7.96
2006/03/15, 7.968
2006/03/16, 7.9995
2006/03/17, 7.9765
2006/03/20, 7.9535
2006/03/21, 7.953
2006/03/22, 7.9435
2006/03/23, 7.967
2006/03/24, 7.969
2006/03/27, 7.967
2006/03/28, 7.9385
2006/03/29, 7.945
2006/03/30, 7.977
2006/03/31, 7.9675
2006/04/03, 7.9165
2006/04/04, 7.884
2006/04/05, 7.8865
2006/04/06, 7.892
2006/04/07, 7.876
2006/04/10, 7.8575
2006/04/11, 7.8225
2006/04/12, 7.8263
2006/04/13, 7.8562
2006/04/18, 7.854
2006/04/19, 7.8105
2006/04/20, 7.79
2006/04/21, 7.843
2006/04/24, 7.831
2006/04/25, 7.8475
2006/04/26, 7.797
2006/04/27, 7.796
2006/04/28, 7.757
2006/05/02, 7.775
2006/05/03, 7.7615
2006/05/04, 7.748
2006/05/05, 7.767
2006/05/08, 7.7865
2006/05/09, 7.7995
2006/05/10, 7.767
2006/05/11, 7.761
2006/05/12, 7.7645
2006/05/15, 7.7885
2006/05/16, 7.836
2006/05/17, 7.821
2006/05/18, 7.839
2006/05/19, 7.805
2006/05/22, 7.806
2006/05/23, 7.823
2006/05/24, 7.8255
2006/05/25, 7.816
2006/05/26, 7.823
2006/05/29, 7.8195
2006/05/30, 7.825
2006/05/31, 7.8155
2006/06/01, 7.7835
2006/06/02, 7.7765
2006/06/05, 7.7603
2006/06/06, 7.7655
2006/06/07, 7.8045
2006/06/08, 7.831
2006/06/09, 7.8165
2006/06/12, 7.788
2006/06/13, 7.808
2006/06/14, 7.837
2006/06/15, 7.8475
2006/06/16, 7.8605
2006/06/19, 7.8555
2006/06/20, 7.898
2006/06/21, 7.914
2006/06/22, 7.971
2006/06/23, 7.918
2006/06/26, 7.9285
2006/06/27, 7.9435
2006/06/28, 7.9035
2006/06/29, 7.8825
2006/06/30, 7.936
2006/07/03, 7.98
2006/07/04, 7.97
2006/07/05, 7.9545
2006/07/06, 7.939
2006/07/07, 7.953
2006/07/10, 7.986
2006/07/11, 7.9905
2006/07/12, 7.9475
2006/07/13, 7.928
2006/07/14, 7.9155
2006/07/17, 7.905
2006/07/18, 7.9295
2006/07/19, 7.969
2006/07/20, 7.932
2006/07/21, 7.933
2006/07/24, 7.954
2006/07/25, 7.94
2006/07/26, 7.934
2006/07/27, 7.9065
2006/07/28, 7.8825
2006/07/31, 7.8615
2006/08/01, 7.8745
2006/08/02, 7.8745
2006/08/03, 7.8705
2006/08/04, 7.8835
2006/08/07, 7.8785
2006/08/08, 7.9095
2006/08/09, 7.945
2006/08/10, 7.95
2006/08/11, 7.9565
2006/08/14, 7.998
2006/08/15, 8.029
2006/08/16, 8.016
2006/08/17, 8.078
2006/08/18, 8.072
2006/08/21, 8.048
2006/08/22, 8.0275
2006/08/23, 8.043
2006/08/24, 8.0755
2006/08/25, 8.0655
2006/08/28, 8.0345
2006/08/29, 8.0425
2006/08/30, 8.0655
2006/08/31, 8.0795
2006/09/01, 8.107
2006/09/04, 8.126
2006/09/05, 8.132
2006/09/06, 8.1465
2006/09/07, 8.1875
2006/09/08, 8.2185
2006/09/11, 8.308
2006/09/12, 8.295
2006/09/13, 8.3825
2006/09/14, 8.332
2006/09/15, 8.2775
2006/09/18, 8.283
2006/09/19, 8.2735
2006/09/20, 8.279
2006/09/21, 8.281
2006/09/22, 8.3455
2006/09/25, 8.3895
2006/09/26, 8.3135
2006/09/27, 8.265
2006/09/28, 8.223
2006/09/29, 8.235
2006/10/02, 8.3425
2006/10/03, 8.3735
2006/10/04, 8.3995
2006/10/05, 8.378
2006/10/06, 8.4315
2006/10/09, 8.42
2006/10/10, 8.361
2006/10/11, 8.418
2006/10/12, 8.453
2006/10/13, 8.4285
2006/10/16, 8.461
2006/10/17, 8.471
2006/10/18, 8.471
2006/10/19, 8.476
2006/10/20, 8.4135
2006/10/23, 8.426
2006/10/24, 8.3855
2006/10/25, 8.338
2006/10/26, 8.2875
2006/10/27, 8.311
2006/10/30, 8.3335
2006/10/31, 8.332
2006/11/01, 8.3005
2006/11/02, 8.243
2006/11/03, 8.2445
2006/11/06, 8.251
2006/11/07, 8.251
2006/11/08, 8.243
2006/11/09, 8.2315
2006/11/10, 8.2005
2006/11/13, 8.197
2006/11/14, 8.212
2006/11/15, 8.246
2006/11/16, 8.2225
2006/11/17, 8.268
2006/11/20, 8.262
2006/11/21, 8.266
2006/11/22, 8.252
2006/11/23, 8.26
2006/11/24, 8.2625
2006/11/27, 8.269
2006/11/28, 8.281
2006/11/29, 8.252
2006/11/30, 8.166
2006/12/01, 8.1625
2006/12/04, 8.1565
2006/12/05, 8.13
2006/12/06, 8.135
2006/12/07, 8.0945
2006/12/08, 8.118
2006/12/11, 8.122
2006/12/12, 8.132
2006/12/13, 8.152
2006/12/14, 8.15
2006/12/15, 8.16
2006/12/18, 8.141
2006/12/19, 8.164
2006/12/20, 8.161
2006/12/21, 8.133
2006/12/22, 8.177
2006/12/27, 8.228
2006/12/28, 8.2375
2006/12/29, 8.238
2007/01/02, 8.208
2007/01/03, 8.2385
2007/01/04, 8.273
2007/01/05, 8.283
2007/01/08, 8.264
2007/01/09, 8.2555
2007/01/10, 8.2985
2007/01/11, 8.3525
2007/01/12, 8.3435
2007/01/15, 8.329
2007/01/16, 8.314
2007/01/17, 8.348
2007/01/18, 8.364
2007/01/19, 8.368
2007/01/22, 8.3675
2007/01/23, 8.35
2007/01/24, 8.2635
2007/01/25, 8.212
2007/01/26, 8.1935
2007/01/29, 8.175
2007/01/30, 8.168
2007/01/31, 8.148
2007/02/01, 8.1255
2007/02/02, 8.1355
2007/02/05, 8.12
2007/02/06, 8.112
2007/02/07, 8.0895
2007/02/08, 8.0955
2007/02/09, 8.131
2007/02/12, 8.0955
2007/02/13, 8.111
2007/02/14, 8.089
2007/02/15, 8.0825
2007/02/16, 8.0445
2007/02/19, 8.044
2007/02/20, 8.0415
2007/02/21, 8.0625
2007/02/22, 8.0635
2007/02/23, 8.066
2007/02/26, 8.063
2007/02/27, 8.059
2007/02/28, 8.12
2007/03/01, 8.109
2007/03/02, 8.116
2007/03/05, 8.183
2007/03/06, 8.1615
2007/03/07, 8.1475
2007/03/08, 8.153
2007/03/09, 8.112
2007/03/12, 8.122
2007/03/13, 8.0945
2007/03/14, 8.1225
2007/03/15, 8.087
2007/03/16, 8.1395
2007/03/19, 8.148
2007/03/20, 8.165
2007/03/21, 8.195
2007/03/22, 8.168
2007/03/23, 8.115
2007/03/26, 8.127
2007/03/27, 8.127
2007/03/28, 8.1335
2007/03/29, 8.102
2007/03/30, 8.119
2007/04/02, 8.1585
2007/04/03, 8.17
2007/04/04, 8.1675
2007/04/05, 8.133
2007/04/10, 8.106
2007/04/11, 8.093
2007/04/12, 8.0885
2007/04/13, 8.0985
2007/04/16, 8.0925
2007/04/17, 8.079
2007/04/18, 8.11
2007/04/19, 8.1075
2007/04/20, 8.1075
2007/04/23, 8.107
2007/04/24, 8.103
2007/04/25, 8.164
2007/04/26, 8.1185
2007/04/27, 8.138
2007/04/30, 8.1265
2007/05/02, 8.1265
2007/05/03, 8.122
2007/05/04, 8.128
2007/05/07, 8.122
2007/05/08, 8.136
2007/05/09, 8.134
2007/05/10, 8.159
2007/05/11, 8.177
2007/05/14, 8.1985
2007/05/15, 8.1935
2007/05/16, 8.1725
2007/05/17, 8.1721
2007/05/18, 8.175
2007/05/21, 8.167
2007/05/22, 8.1325
2007/05/23, 8.121
2007/05/24, 8.1055
2007/05/25, 8.0945
2007/05/28, 8.0951
2007/05/29, 8.099
2007/05/30, 8.1175
2007/05/31, 8.1195
2007/06/01, 8.111
2007/06/04, 8.1085
2007/06/05, 8.084
2007/06/06, 8.08
2007/06/07, 8.082
2007/06/08, 8.1005
2007/06/11, 8.1195
2007/06/12, 8.1115
2007/06/13, 8.101
2007/06/14, 8.1075
2007/06/15, 8.0935
2007/06/18, 8.075
2007/06/19, 8.079
2007/06/20, 8.0525
2007/06/21, 8.0345
2007/06/22, 7.987
2007/06/25, 8.004
2007/06/26, 8.01
2007/06/27, 7.9725
2007/06/28, 7.952
2007/06/29, 7.9725
2007/07/02, 7.969
2007/07/03, 7.938
2007/07/04, 7.9365
2007/07/05, 7.924
2007/07/06, 7.9125
2007/07/09, 7.913
2007/07/10, 7.966
2007/07/11, 7.9655
2007/07/12, 7.9325
2007/07/13, 7.913
2007/07/16, 7.9025
2007/07/17, 7.8845
2007/07/18, 7.9225
2007/07/19, 7.9035
2007/07/20, 7.902
2007/07/23, 7.912
2007/07/24, 7.9135
2007/07/25, 7.951
2007/07/26, 7.976
2007/07/27, 8.04
2007/07/30, 8.0
2007/07/31, 7.9595
2007/08/01, 7.993
2007/08/02, 7.9635
2007/08/03, 7.9305
2007/08/06, 7.9425
2007/08/07, 7.9765
2007/08/08, 7.9625
2007/08/09, 7.942
2007/08/10, 7.9985
2007/08/13, 7.9845
2007/08/14, 7.975
2007/08/15, 7.991
2007/08/16, 8.035
2007/08/17, 8.0375
2007/08/20, 7.991
2007/08/21, 7.9985
2007/08/22, 7.992
2007/08/23, 7.9645
2007/08/24, 7.954
2007/08/27, 7.9515
2007/08/28, 7.9475
2007/08/29, 7.9565
2007/08/30, 7.959
2007/08/31, 7.944
2007/09/03, 7.9315
2007/09/04, 7.929
2007/09/05, 7.9105
2007/09/06, 7.9075
2007/09/07, 7.9085
2007/09/10, 7.896
2007/09/11, 7.8515
2007/09/12, 7.8325
2007/09/13, 7.8345
2007/09/14, 7.8275
2007/09/17, 7.802
2007/09/18, 7.807
2007/09/19, 7.7775
2007/09/20, 7.7815
2007/09/21, 7.7865
2007/09/24, 7.783
2007/09/25, 7.806
2007/09/26, 7.771
2007/09/27, 7.75
2007/09/28, 7.7185
2007/10/01, 7.6875
2007/10/02, 7.6965
2007/10/03, 7.699
2007/10/04, 7.693
2007/10/05, 7.653
2007/10/08, 7.67
2007/10/09, 7.7055
2007/10/10, 7.697
2007/10/11, 7.6815
2007/10/12, 7.649
2007/10/15, 7.661
2007/10/16, 7.666
2007/10/17, 7.672
2007/10/18, 7.6705
2007/10/19, 7.6715
2007/10/22, 7.7335
2007/10/23, 7.69
2007/10/24, 7.7455
2007/10/25, 7.73
2007/10/26, 7.7095
2007/10/29, 7.722
2007/10/30, 7.721
2007/10/31, 7.791
2007/11/01, 7.8295
2007/11/02, 7.843
2007/11/05, 7.8155
2007/11/06, 7.78
2007/11/07, 7.766
2007/11/08, 7.741
2007/11/09, 7.8115
2007/11/12, 7.874
2007/11/13, 7.909
2007/11/14, 7.9275
2007/11/15, 7.9935
2007/11/16, 8.0315
2007/11/19, 8.078
2007/11/20, 7.995
2007/11/21, 8.0415
2007/11/22, 8.0255
2007/11/23, 8.0485
2007/11/26, 8.0375
2007/11/27, 8.08
2007/11/28, 8.1075
2007/11/29, 8.0925
2007/11/30, 8.114
2007/12/03, 8.102
2007/12/04, 8.109
2007/12/05, 8.07
2007/12/06, 8.046
2007/12/07, 8.017
2007/12/10, 7.992
2007/12/11, 7.9975
2007/12/12, 7.9565
2007/12/13, 7.932
2007/12/14, 7.975
2007/12/17, 7.978
2007/12/18, 8.026
2007/12/19, 8.0385
2007/12/20, 8.03
2007/12/21, 8.034
2007/12/24, 7.9918
2007/12/27, 7.9955
2007/12/28, 7.974
2007/12/31, 7.958
2008/01/02, 7.9855
2008/01/03, 7.925
2008/01/04, 7.865
2008/01/07, 7.8685
2008/01/08, 7.8895
2008/01/09, 7.891
2008/01/10, 7.839
2008/01/11, 7.8185
2008/01/14, 7.8275
2008/01/15, 7.833
2008/01/16, 7.942
2008/01/17, 7.954
2008/01/18, 7.9915
2008/01/21, 8.0265
2008/01/22, 8.044
2008/01/23, 8.063
2008/01/24, 8.036
2008/01/25, 8.024
2008/01/28, 8.0655
2008/01/29, 8.035
2008/01/30, 8.045
2008/01/31, 8.076
2008/02/01, 8.0265
2008/02/04, 8.029
2008/02/05, 8.0095
2008/02/06, 8.0555
2008/02/07, 8.07
2008/02/08, 8.0245
2008/02/11, 8.0265
2008/02/12, 8.003
2008/02/13, 7.983
2008/02/14, 7.951
2008/02/15, 7.9255
2008/02/18, 7.915
2008/02/19, 7.8605
2008/02/20, 7.877
2008/02/21, 7.8615
2008/02/22, 7.8895
2008/02/25, 7.881
2008/02/26, 7.8845
2008/02/27, 7.854
2008/02/28, 7.8665
2008/02/29, 7.914
2008/03/03, 7.925
2008/03/04, 7.8535
2008/03/05, 7.8565
2008/03/06, 7.834
2008/03/07, 7.9145
2008/03/10, 7.8855
2008/03/11, 7.878
2008/03/12, 7.8905
2008/03/13, 7.9005
2008/03/14, 7.9885
2008/03/17, 8.057
2008/03/18, 8.0675
2008/03/19, 8.0448
2008/03/20, 8.1178
2008/03/25, 8.0865
2008/03/26, 8.0475
2008/03/27, 8.017
2008/03/28, 8.0475
2008/03/31, 8.051
2008/04/01, 8.072
2008/04/02, 8.065
2008/04/03, 8.003
2008/04/04, 7.998
2008/04/07, 7.9685
2008/04/08, 7.9565
2008/04/09, 7.941
2008/04/10, 7.927
2008/04/11, 7.9415
2008/04/14, 7.9445
2008/04/15, 7.9105
2008/04/16, 7.8985
2008/04/17, 7.9105
2008/04/18, 7.951
2008/04/21, 7.9445
2008/04/22, 7.923
2008/04/23, 7.925
2008/04/24, 7.9595
2008/04/25, 8.024
2008/04/28, 7.9655
2008/04/29, 7.98
2008/04/30, 7.974
2008/05/02, 7.926
2008/05/05, 7.915
2008/05/06, 7.869
2008/05/07, 7.8545
2008/05/08, 7.874
2008/05/09, 7.844
2008/05/12, 7.8413
2008/05/13, 7.846
2008/05/14, 7.844
2008/05/15, 7.859
2008/05/16, 7.856
2008/05/19, 7.7885
2008/05/20, 7.819
2008/05/21, 7.855
2008/05/22, 7.8545
2008/05/23, 7.901
2008/05/26, 7.8895
2008/05/27, 7.876
2008/05/28, 7.8655
2008/05/29, 7.876
2008/05/30, 7.908
2008/06/02, 7.9425
2008/06/03, 7.9615
2008/06/04, 7.9755
2008/06/05, 7.968
2008/06/06, 7.9415
2008/06/09, 7.937
2008/06/10, 7.969
2008/06/11, 7.99
2008/06/12, 8.0375
2008/06/13, 8.05
2008/06/16, 8.031
2008/06/17, 8.0235
2008/06/18, 8.0405
2008/06/19, 8.0365
2008/06/20, 8.0435
2008/06/23, 8.013
2008/06/24, 7.9745
2008/06/25, 7.9405
2008/06/26, 7.959
2008/06/27, 7.979
2008/06/30, 8.009
2008/07/01, 8.004
2008/07/02, 8.04
2008/07/03, 8.0475
2008/07/04, 7.986
2008/07/07, 7.9855
2008/07/08, 8.0135
2008/07/09, 8.048
2008/07/10, 8.0605
2008/07/11, 8.0605
2008/07/14, 8.0525
2008/07/15, 8.037
2008/07/16, 8.066
2008/07/17, 8.064
2008/07/18, 8.059
2008/07/21, 8.0585
2008/07/22, 8.0555
2008/07/23, 8.09
2008/07/24, 8.1
2008/07/25, 8.0815
2008/07/28, 8.075
2008/07/29, 8.0725
2008/07/30, 8.043
2008/07/31, 8.0205
2008/08/01, 7.996
2008/08/04, 7.9995
2008/08/05, 8.0315
2008/08/06, 8.028
2008/08/07, 7.997
2008/08/08, 7.9915
2008/08/11, 7.9975
2008/08/12, 8.012
2008/08/13, 7.996
2008/08/14, 8.006
2008/08/15, 7.9665
2008/08/18, 7.974
2008/08/19, 7.9525
2008/08/20, 7.956
2008/08/21, 7.945
2008/08/22, 7.9335
2008/08/25, 7.933
2008/08/26, 7.9155
2008/08/27, 7.926
2008/08/28, 7.917
2008/08/29, 7.9435
2008/09/01, 7.9635
2008/09/02, 8.0065
2008/09/03, 8.011
2008/09/04, 8.022
2008/09/05, 8.0065
2008/09/08, 7.9975
2008/09/09, 8.033
2008/09/10, 8.06
2008/09/11, 8.097
2008/09/12, 8.1165
2008/09/15, 8.183
2008/09/16, 8.246
2008/09/17, 8.29
2008/09/18, 8.334
2008/09/19, 8.258
2008/09/22, 8.1675
2008/09/23, 8.215
2008/09/24, 8.259
2008/09/25, 8.271
2008/09/26, 8.268
2008/09/29, 8.308
2008/09/30, 8.333
2008/10/01, 8.26
2008/10/02, 8.291
2008/10/03, 8.292
2008/10/06, 8.348
2008/10/07, 8.381
2008/10/08, 8.3975
2008/10/09, 8.364
2008/10/10, 8.4175
2008/10/13, 8.4285
2008/10/14, 8.4375
2008/10/15, 8.6035
2008/10/16, 8.9
2008/10/17, 8.895
2008/10/20, 8.787
2008/10/21, 8.894
2008/10/22, 9.0135
2008/10/23, 9.155
2008/10/24, 8.8
2008/10/27, 8.815
2008/10/28, 8.55
2008/10/29, 8.554
2008/10/30, 8.52
2008/10/31, 8.53
2008/11/03, 8.48
2008/11/04, 8.5615
2008/11/05, 8.66
2008/11/06, 8.718
2008/11/07, 8.721
2008/11/10, 8.689
2008/11/11, 8.744
2008/11/12, 8.7825
2008/11/13, 8.867
2008/11/14, 8.7525
2008/11/17, 8.792
2008/11/18, 8.9
2008/11/19, 8.87
2008/11/20, 8.87
2008/11/21, 8.927
2008/11/24, 8.938
2008/11/25, 9.0815
2008/11/26, 9.034
2008/11/27, 8.88
2008/11/28, 8.92
2008/12/01, 8.8915
2008/12/02, 8.965
2008/12/03, 8.905
2008/12/04, 9.0365
2008/12/05, 9.142
2008/12/08, 9.127
2008/12/09, 9.15
2008/12/10, 9.1285
2008/12/11, 9.2065
2008/12/12, 9.211
2008/12/15, 9.322
2008/12/16, 9.515
2008/12/17, 9.515
2008/12/18, 9.865
2008/12/19, 9.8335
2008/12/22, 9.855
2008/12/23, 9.76
2008/12/24, 9.915
2008/12/29, 9.945
2008/12/30, 9.84
2008/12/31, 9.75
2009/01/02, 9.695
2009/01/05, 9.395
2009/01/06, 9.385
2009/01/07, 9.3915
2009/01/08, 9.4825
2009/01/09, 9.4975
2009/01/12, 9.413
2009/01/13, 9.4575
2009/01/14, 9.431
2009/01/15, 9.4275
2009/01/16, 9.2125
2009/01/19, 9.12
2009/01/20, 9.1915
2009/01/21, 9.0555
2009/01/22, 9.03
2009/01/23, 8.994
2009/01/26, 8.8935
2009/01/27, 8.8975
2009/01/28, 8.887
2009/01/29, 8.8
2009/01/30, 8.8875
2009/02/02, 8.9415
2009/02/03, 9.039
2009/02/04, 8.892
2009/02/05, 8.779
2009/02/06, 8.773
2009/02/09, 8.662
2009/02/10, 8.641
2009/02/11, 8.69
2009/02/12, 8.8155
2009/02/13, 8.719
2009/02/16, 8.777
2009/02/17, 8.794
2009/02/18, 8.86
2009/02/19, 8.679
2009/02/20, 8.7495
2009/02/23, 8.719
2009/02/24, 8.735
2009/02/25, 8.746
2009/02/26, 8.778
2009/02/27, 8.886
2009/03/02, 9.028
2009/03/03, 9.0125
2009/03/04, 8.94
2009/03/05, 8.906
2009/03/06, 8.953
2009/03/09, 8.974
2009/03/10, 8.936
2009/03/11, 8.832
2009/03/12, 8.892
2009/03/13, 8.823
2009/03/16, 8.765
2009/03/17, 8.8315
2009/03/18, 8.809
2009/03/19, 8.645
2009/03/20, 8.65
2009/03/23, 8.6345
2009/03/24, 8.6365
2009/03/25, 8.7275
2009/03/26, 8.8175
2009/03/27, 8.8
2009/03/30, 8.951
2009/03/31, 8.89
2009/04/01, 8.885
2009/04/02, 8.848
2009/04/03, 8.7975
2009/04/06, 8.785
2009/04/07, 8.8085
2009/04/08, 8.896
2009/04/09, 8.793
2009/04/14, 8.788
2009/04/15, 8.8405
2009/04/16, 8.837
2009/04/17, 8.744
2009/04/20, 8.7925
2009/04/21, 8.794
2009/04/22, 8.7605
2009/04/23, 8.69
2009/04/24, 8.69
2009/04/27, 8.763
2009/04/28, 8.764
2009/04/29, 8.732
2009/04/30, 8.7245
2009/05/04, 8.69
2009/05/05, 8.687
2009/05/06, 8.735
2009/05/07, 8.62
2009/05/08, 8.6415
2009/05/11, 8.702
2009/05/12, 8.751
2009/05/13, 8.84
2009/05/14, 8.832
2009/05/15, 8.817
2009/05/18, 8.7785
2009/05/19, 8.745
2009/05/20, 8.81
2009/05/21, 8.8382
2009/05/22, 8.875
2009/05/25, 8.862
2009/05/26, 8.951
2009/05/27, 8.871
2009/05/28, 8.9615
2009/05/29, 8.8785
2009/06/01, 8.81
2009/06/02, 8.7725
2009/06/03, 8.921
2009/06/04, 8.9055
2009/06/05, 8.97
2009/06/08, 8.936
2009/06/09, 8.9135
2009/06/10, 8.843
2009/06/11, 8.914
2009/06/12, 8.8845
2009/06/15, 8.9055
2009/06/16, 8.917
2009/06/17, 8.918
2009/06/18, 8.8825
2009/06/19, 8.8995
2009/06/22, 8.986
2009/06/23, 9.099
2009/06/24, 9.009
2009/06/25, 9.076
2009/06/26, 9.04
2009/06/29, 9.034
2009/06/30, 9.018
2009/07/01, 8.98
2009/07/02, 8.9375
2009/07/03, 8.966
2009/07/06, 9.054
2009/07/07, 9.0565
2009/07/08, 9.077
2009/07/09, 9.074
2009/07/10, 9.084
2009/07/13, 9.07
2009/07/14, 9.0355
2009/07/15, 9.019
2009/07/16, 9.0015
2009/07/17, 8.996
2009/07/20, 9.0085
2009/07/21, 8.9515
2009/07/22, 8.92
2009/07/23, 8.925
2009/07/24, 8.86
2009/07/27, 8.801
2009/07/28, 8.766
2009/07/29, 8.789
2009/07/30, 8.749
2009/07/31, 8.715
2009/08/03, 8.68
2009/08/04, 8.704
2009/08/05, 8.6685
2009/08/06, 8.6635
2009/08/07, 8.7515
2009/08/10, 8.694
2009/08/11, 8.8265
2009/08/12, 8.7325
2009/08/13, 8.608
2009/08/14, 8.6165
2009/08/17, 8.7265
2009/08/18, 8.6735
2009/08/19, 8.67
2009/08/20, 8.5955
2009/08/21, 8.555
2009/08/24, 8.5845
2009/08/25, 8.6095
2009/08/26, 8.624
2009/08/27, 8.644
2009/08/28, 8.629
2009/08/31, 8.607
2009/09/01, 8.612
2009/09/02, 8.68
2009/09/03, 8.62
2009/09/04, 8.608
2009/09/07, 8.585
2009/09/08, 8.569
2009/09/09, 8.611
2009/09/10, 8.6635
2009/09/11, 8.634
2009/09/14, 8.6685
2009/09/15, 8.639
2009/09/16, 8.6065
2009/09/17, 8.6265
2009/09/18, 8.641
2009/09/21, 8.65
2009/09/22, 8.628
2009/09/23, 8.564
2009/09/24, 8.51
2009/09/25, 8.502
2009/09/28, 8.5275
2009/09/29, 8.515
2009/09/30, 8.46
2009/10/01, 8.4455
2009/10/02, 8.447
2009/10/05, 8.446
2009/10/06, 8.385
2009/10/07, 8.364
2009/10/08, 8.3533
2009/10/09, 8.3025
2009/10/12, 8.3275
2009/10/13, 8.328
2009/10/14, 8.284
2009/10/15, 8.335
2009/10/16, 8.35
2009/10/19, 8.3525
2009/10/20, 8.3225
2009/10/21, 8.328
2009/10/22, 8.327
2009/10/23, 8.3275
2009/10/26, 8.3255
2009/10/27, 8.385
2009/10/28, 8.4
2009/10/29, 8.3835
2009/10/30, 8.3915
2009/11/02, 8.43
2009/11/03, 8.5135
2009/11/04, 8.4415
2009/11/05, 8.4365
2009/11/06, 8.434
2009/11/09, 8.4195
2009/11/10, 8.3835
2009/11/11, 8.36
2009/11/12, 8.3915
2009/11/13, 8.3645
2009/11/16, 8.337
2009/11/17, 8.3475
2009/11/18, 8.352
2009/11/19, 8.392
2009/11/20, 8.425
2009/11/23, 8.376
2009/11/24, 8.3765
2009/11/25, 8.416
2009/11/26, 8.5
2009/11/27, 8.492
2009/11/30, 8.5125
2009/12/01, 8.4805
2009/12/02, 8.421
2009/12/03, 8.439
2009/12/04, 8.49
2009/12/07, 8.4675
2009/12/08, 8.4915
2009/12/09, 8.465
2009/12/10, 8.4355
2009/12/11, 8.4435
2009/12/14, 8.4685
2009/12/15, 8.4735
2009/12/16, 8.3695
2009/12/17, 8.405
2009/12/18, 8.3955
2009/12/21, 8.352
2009/12/22, 8.365
2009/12/23, 8.3525
2009/12/24, 8.3365
2009/12/28, 8.344
2009/12/29, 8.3285
2009/12/30, 8.322
2009/12/31, 8.3
2010/01/04, 8.229
2010/01/05, 8.212
2010/01/06, 8.188
2010/01/07, 8.198
2010/01/08, 8.1695
2010/01/11, 8.1395
2010/01/12, 8.1825
2010/01/13, 8.1785
2010/01/14, 8.164
2010/01/15, 8.143
2010/01/18, 8.1435
2010/01/19, 8.1485
2010/01/20, 8.1335
2010/01/21, 8.1455
2010/01/22, 8.1955
2010/01/25, 8.202
2010/01/26, 8.2505
2010/01/27, 8.2195
2010/01/28, 8.179
2010/01/29, 8.212
2010/02/01, 8.1965
2010/02/02, 8.1435
2010/02/03, 8.166
2010/02/04, 8.169
2010/02/05, 8.2195
2010/02/08, 8.1705
2010/02/09, 8.152
2010/02/10, 8.111
2010/02/11, 8.0975
2010/02/12, 8.063
2010/02/15, 8.053
2010/02/16, 8.052
2010/02/17, 8.006
2010/02/18, 8.068
2010/02/19, 8.1055
2010/02/22, 8.035
2010/02/23, 8.021
2010/02/24, 8.029
2010/02/25, 8.0405
2010/02/26, 8.0435
2010/03/01, 8.057
2010/03/02, 8.0485
2010/03/03, 8.0745
2010/03/04, 8.0505
2010/03/05, 8.049
2010/03/08, 8.049
2010/03/09, 8.041
2010/03/10, 8.0125
2010/03/11, 8.0115
2010/03/12, 8.033
2010/03/15, 8.0155
2010/03/16, 8.0145
2010/03/17, 8.01
2010/03/18, 7.999
2010/03/19, 7.973
2010/03/22, 8.0445
2010/03/23, 8.042
2010/03/24, 8.028
2010/03/25, 8.077
2010/03/26, 8.098
2010/03/29, 8.067
2010/03/30, 8.041
2010/03/31, 8.0135
2010/04/01, 8.0168
2010/04/06, 8.0124
2010/04/07, 7.965
2010/04/08, 7.9505
2010/04/09, 7.9365
2010/04/12, 8.0085
2010/04/13, 7.994
2010/04/14, 7.9955
2010/04/15, 7.952
2010/04/16, 7.955
2010/04/19, 7.983
2010/04/20, 7.9475
2010/04/21, 7.8955
2010/04/22, 7.8995
2010/04/23, 7.8765
2010/04/26, 7.8505
2010/04/27, 7.844
2010/04/28, 7.875
2010/04/29, 7.843
2010/04/30, 7.8445
2010/05/03, 7.8395
2010/05/04, 7.8235
2010/05/05, 7.8165
2010/05/06, 7.7855
2010/05/07, 7.954
2010/05/10, 7.8685
2010/05/11, 7.841
2010/05/12, 7.7865
2010/05/13, 7.7475
2010/05/14, 7.726
2010/05/17, 7.722
2010/05/18, 7.728
2010/05/19, 7.802
2010/05/20, 8.045
2010/05/21, 8.143
2010/05/24, 8.0848
2010/05/25, 8.127
2010/05/26, 7.9775
2010/05/27, 7.986
2010/05/28, 7.9615
2010/05/31, 7.939
2010/06/01, 7.942
2010/06/02, 7.922
2010/06/03, 7.866
2010/06/04, 7.851
2010/06/07, 7.937
2010/06/08, 7.982
2010/06/09, 7.9535
2010/06/10, 7.865
2010/06/11, 7.835
2010/06/14, 7.8175
2010/06/15, 7.8515
2010/06/16, 7.878
2010/06/17, 7.8705
2010/06/18, 7.8615
2010/06/21, 7.8575
2010/06/22, 7.933
2010/06/23, 7.929
2010/06/24, 7.978
2010/06/25, 7.9885
2010/06/28, 7.937
2010/06/29, 7.9085
2010/06/30, 7.9725
2010/07/01, 8.045
2010/07/02, 8.063
2010/07/05, 8.059
2010/07/06, 8.0685
2010/07/07, 8.101
2010/07/08, 8.066
2010/07/09, 8.042
2010/07/12, 8.016
2010/07/13, 7.957
2010/07/14, 7.926
2010/07/15, 7.9265
2010/07/16, 8.053
2010/07/19, 8.142
2010/07/20, 8.129
2010/07/21, 8.0135
2010/07/22, 7.975
2010/07/23, 7.966
2010/07/26, 8.002
2010/07/27, 7.9995
2010/07/28, 7.981
2010/07/29, 7.9705
2010/07/30, 7.9405
2010/08/02, 7.8595
2010/08/03, 7.8815
2010/08/04, 7.887
2010/08/05, 7.8765
2010/08/06, 7.8775
2010/08/09, 7.8975
2010/08/10, 7.898
2010/08/11, 7.9665
2010/08/12, 7.9645
2010/08/13, 7.926
2010/08/16, 7.954
2010/08/17, 7.9065
2010/08/18, 7.93
2010/08/19, 7.8945
2010/08/20, 7.964
2010/08/23, 7.903
2010/08/24, 7.941
2010/08/25, 8.0165
2010/08/26, 8.004
2010/08/27, 7.9785
2010/08/30, 7.965
2010/08/31, 8.0245
2010/09/01, 7.9425
2010/09/02, 7.901
2010/09/03, 7.889
2010/09/06, 7.88
2010/09/07, 7.891
2010/09/08, 7.881
2010/09/09, 7.8725
2010/09/10, 7.876
2010/09/13, 7.852
2010/09/14, 7.878
2010/09/15, 7.897
2010/09/16, 7.9555
2010/09/17, 7.965
2010/09/20, 7.954
2010/09/21, 7.9295
2010/09/22, 7.8965
2010/09/23, 7.9195
2010/09/24, 7.9475
2010/09/27, 7.9145
2010/09/28, 7.967
2010/09/29, 7.967
2010/09/30, 7.968
2010/10/01, 8.04
2010/10/04, 8.03
2010/10/05, 8.041
2010/10/06, 8.034
2010/10/07, 8.083
2010/10/08, 8.1
2010/10/11, 8.1235
2010/10/12, 8.124
2010/10/13, 8.135
2010/10/14, 8.0695
2010/10/15, 8.0925
2010/10/18, 8.15
2010/10/19, 8.169
2010/10/20, 8.1585
2010/10/21, 8.1385
2010/10/22, 8.143
2010/10/25, 8.0935
2010/10/26, 8.12
2010/10/27, 8.145
2010/10/28, 8.15
2010/10/29, 8.192
2010/11/01, 8.1455
2010/11/02, 8.203
2010/11/03, 8.208
2010/11/04, 8.148
2010/11/05, 8.119
2010/11/08, 8.085
2010/11/09, 8.077
2010/11/10, 8.076
2010/11/11, 8.091
2010/11/12, 8.133
2010/11/15, 8.1355
2010/11/16, 8.167
2010/11/17, 8.185
2010/11/18, 8.162
2010/11/19, 8.2
2010/11/22, 8.207
2010/11/23, 8.207
2010/11/24, 8.1445
2010/11/25, 8.1275
2010/11/26, 8.177
2010/11/29, 8.1285
2010/11/30, 8.091
2010/12/01, 8.06
2010/12/02, 8.06
2010/12/03, 8.005
2010/12/06, 7.9785
2010/12/07, 7.966
2010/12/08, 7.9625
2010/12/09, 7.955
2010/12/10, 7.9375
2010/12/13, 7.9265
2010/12/14, 7.896
2010/12/15, 7.866
2010/12/16, 7.895
2010/12/17, 7.8925
2010/12/20, 7.8605
2010/12/21, 7.862
2010/12/22, 7.8715
2010/12/23, 7.837
2010/12/24, 7.826
2010/12/27, 7.835
2010/12/28, 7.8255
2010/12/29, 7.809
2010/12/30, 7.819
2010/12/31, 7.8
2011/01/03, 7.78
2011/01/04, 7.809
2011/01/05, 7.7895
2011/01/06, 7.7475
2011/01/07, 7.726
2011/01/10, 7.7085
2011/01/11, 7.726
2011/01/12, 7.706
2011/01/13, 7.797
2011/01/14, 7.85
2011/01/17, 7.786
2011/01/18, 7.82
2011/01/19, 7.826
2011/01/20, 7.8745
2011/01/21, 7.892
2011/01/24, 7.883
2011/01/25, 7.848
2011/01/26, 7.8665
2011/01/27, 7.923
2011/01/28, 7.933
2011/01/31, 7.927
2011/02/01, 7.882
2011/02/02, 7.884
2011/02/03, 7.8585
2011/02/04, 7.8075
2011/02/07, 7.8385
2011/02/08, 7.859
2011/02/09, 7.8685
2011/02/10, 7.932
2011/02/11, 7.93
2011/02/14, 7.877
2011/02/15, 7.8335
2011/02/16, 7.8275
2011/02/17, 7.8075
2011/02/18, 7.7555
2011/02/21, 7.769
2011/02/22, 7.7515
2011/02/23, 7.739
2011/02/24, 7.719
2011/02/25, 7.764
2011/02/28, 7.709
2011/03/01, 7.712
2011/03/02, 7.702
2011/03/03, 7.7145
2011/03/04, 7.78
2011/03/07, 7.76
2011/03/08, 7.755
2011/03/09, 7.751
2011/03/10, 7.782
2011/03/11, 7.8055
2011/03/14, 7.829
2011/03/15, 7.914
2011/03/16, 7.869
2011/03/17, 7.8985
2011/03/18, 7.883
2011/03/21, 7.8795
2011/03/22, 7.906
2011/03/23, 7.891
2011/03/24, 7.883
2011/03/25, 7.884
2011/03/28, 7.8745
2011/03/29, 7.904
2011/03/30, 7.8675
2011/03/31, 7.833
2011/04/01, 7.8055
2011/04/04, 7.8205
2011/04/05, 7.791
2011/04/06, 7.785
2011/04/07, 7.8175
2011/04/08, 7.802
2011/04/11, 7.8125
2011/04/12, 7.877
2011/04/13, 7.862
2011/04/14, 7.858
2011/04/15, 7.808
2011/04/18, 7.788
2011/04/19, 7.7635
2011/04/20, 7.7895
2011/04/21, 7.7842
2011/04/26, 7.78
2011/04/27, 7.7885
2011/04/28, 7.809
2011/04/29, 7.782
2011/05/02, 7.78
2011/05/03, 7.7995
2011/05/04, 7.871
2011/05/05, 7.93
2011/05/06, 7.945
2011/05/09, 7.8665
2011/05/10, 7.8035
2011/05/11, 7.789
2011/05/12, 7.801
2011/05/13, 7.8405
2011/05/16, 7.867
2011/05/17, 7.9385
2011/05/18, 7.936
2011/05/19, 7.8725
2011/05/20, 7.828
2011/05/23, 7.8475
2011/05/24, 7.8385
2011/05/25, 7.824
2011/05/26, 7.79
2011/05/27, 7.769
2011/05/30, 7.7485
2011/05/31, 7.759
2011/06/01, 7.731
2011/06/02, 7.7596
2011/06/03, 7.7965
2011/06/06, 7.8235
2011/06/07, 7.8395
2011/06/08, 7.8855
2011/06/09, 7.873
2011/06/10, 7.8555
2011/06/13, 7.866
2011/06/14, 7.7965
2011/06/15, 7.82
2011/06/16, 7.8785
2011/06/17, 7.8695
2011/06/20, 7.9265
2011/06/21, 7.912
2011/06/22, 7.8665
2011/06/23, 7.803
2011/06/24, 7.7825
2011/06/27, 7.7845
2011/06/28, 7.802
2011/06/29, 7.8055
2011/06/30, 7.7875
2011/07/01, 7.79
